BPS_School_Name,BPS_Historical_Name,BPS_Address,BPS_Grades_Offered,BPS_Property_Status,BPS_Total_GSF,BPS_GSF,BPS_Year_Founded ,BPS_Year_Built,BPS_Plans,BPS_KWH, BPS_Electric_Bill ,BPS_Therms, BPS_Gas_Bill ,BPS_Water_ft_cubic, BPS_Water_Bill , BPS_Total_Energy_Cost ,SMMA_FA_Status,SMMA_FA_School_Enrollment,SMMA_FA_Enrollment_Building,SMMA_FA_Major_Investments,SMMA_FA_Existing_PV,SMMA_FA_space_Solar,SMMA_FA_Roof_Membrane,SMMA_FA_Facade,SMMA_FA_,SMMA_FA_Boilers,SMMA_FA_Heating_Distribution_Systems,SMMA_FA_Ventilation_Distribution_Systems,SMMA_FA_Electrical_Service,SMMA_FA_Means_Egress,SMMA_FA_FP_Sprinklers,SMMA_FA_Life_Safety,SMMA_FA_Security_Entry,SMMA_FA_Lighting_Quantity_Control,SMMA_FA_Toilets_Fixtures,SMMA_FA_Plumbing_Distribution_Systems,SMMA_FA_Accessibility,SMMA_FA_Deterioration_Roof,SMMA_FA_Deterioration_Floor,SMMA_FA_Deterioration_Walls_Columns,SMMA_FA_Deterioration_Foundations,SMMA_FA_Deterioration_Facade,SMMA_FA_lateral_system_identifiable,SMMA_FA_Overall_Building_Condition,SMMA_FA_MHC_Inventory,SMMA_FA_MHC_Register,SMMA_FA_Emergency_Shelter,SMMA_FA_Community_Use_spaces,SMMA_FA_Overall_Community_Building,SMMA_FA_Building_suitability_school,SMMA_FA_susceptible_climate_change_now,SMMA_FA_susceptible_climate_change_2100,SMMA_FA_site_major_investments_10__years,SMMA_FA_building_expandable_current_site,SMMA_FA_Parking_Quality,SMMA_FA_Neighborhood_Streets,SMMA_FA_DropOff_PickUp,SMMA_FA_Walkways_Curbs_Sidewalks,SMMA_FA_MAABADA_Accessibility,SMMA_FA_Site_Lighting,SMMA_FA_Fencing,SMMA_FA_Drainage,SMMA_FA_Play_Areas,SMMA_FA_Walls_Slopes,SMMA_FA_Overall_Site_Condition,SMMA_FA_MHC_Archaeological_Assets,SMMA_FA_Mass_Transit,SMMA_FA_Bikable,SMMA_FA_Walkable,SMMA_FA_Overall_Community_Site,SMMA_FA_Site_suitability_school
"Adams, Samuel Elementary",Adams,"165 Webster St East Boston, MA 02128",K0-5,Owned,41336,41336,1910,1910,"CAD plans, site plans",381000,"$58,339.00",14650,"$13,401.00",0, $-   ,"$71,740.00",Phase 3,302,302,Yes,No,Yes,Moderate,Adequate,Replace,Replace,Moderate,Replace,Minor,Not Present,Not Present,Minor,Moderate,Minor,Replace,Replace,Not Present,Not Observed,Not Observed,Not Observed,Not Observed,Not Observed,Yes,Poor,Listed,Not Listed,No,No,Poor,Yes,No,No,No,Yes,Moderate,Adequate,Minor,Minor,Not Present,Minor,Moderate,Minor,Minor,Minor,Fair,Not Researched,Yes,Yes,Yes,Fair,Yes
"Alighieri, Dante Montessori School",Alighieri,"37 Gove Street East Boston, MA 02128",K0-5,Owned,16948,16948,1924,1924,"CAD plans, site plans",9977,"$2,072.00",8230,"$9,957.00",8120,"$1,685.00","$13,714.00",Phase 3,90,90,Yes,No,Yes,Minor,Adequate,Adequate,Adequate,Adequate,Adequate,Adequate,Moderate,Adequate,Adequate,Minor,Adequate,Adequate,Adequate,Replace,Not Observed,Not Observed,Not Observed,Not Observed,Not Observed,Yes,Good,Not Listed,Not Listed,No,Yes,Good,Yes,Yes,Yes,Yes,No,Moderate,Minor,Minor,Adequate,Not Present,Minor,Adequate,Moderate,Adequate,Moderate,Fair,Not Researched,Yes,Yes,Yes,Fair,No
Another Course to College*,Taft,"20 Warren Street Brighton, MA 02135",09-dic,Owned,28021,28021,1939,1895,"CAD plans, site plans",343410,"$49,657.00",51459,"$57,978.00",163110,"$20,763.00","$128,398.00",Phase 3,237,674,Yes,No,Yes,Minor,Adequate,Minor,Moderate,Moderate,Moderate,Adequate,Minor,Not Present,Adequate,Moderate,Minor,Adequate,Adequate,Moderate,Not Observed,Not Observed,Not Observed,Not Observed,Not Observed,No,Good,Listed,Not Listed,No,No,Poor,Yes,No,No,No,No,Adequate,Adequate,Minor,Minor,Moderate,Moderate,Adequate,Adequate,Moderate,Moderate,Good,Not Researched,Yes,Yes,Yes,Good,Yes
Baldwin Early Learning Pilot Academy,Baldwin ELC,"121 Corey Rd Brighton, MA 02135",K0-1,Owned,27879,27879,1926,1926,"CAD plans, site plans",70212,"$9,588.00",9806,"$11,657.00",42550,"$5,227.00","$26,472.00",Phase 3,142,142,Yes,No,Yes,Not Present,Minor,Minor,Moderate,Moderate,Minor,Minor,Minor,Not Present,Adequate,Moderate,Minor,Moderate,Moderate,Minor,Not Observed,Not Observed,Not Observed,Not Observed,Not Observed,No,Good,Listed,Not Listed,No,No,Poor,Yes,No,No,No,No,Minor,Adequate,Moderate,Minor,Moderate,Minor,Minor,Moderate,Adequate,Minor,Good,Not Researched,Yes,Yes,Yes,Good,No
"Bates, Phineas Elementary",Bates,"426 Beech St Roslindale, MA 02131",K1-5,Owned,27936,27936,1929,1929,"CAD plans, site plans",91800,"$13,367.00",14530,"$16,909.00",42870,"$5,262.00","$35,538.00",Phase 3,297,297,Yes,No,Yes,Moderate,Adequate,Moderate,Replace,Moderate,Moderate,Replace,Adequate,Not Present,Minor,Moderate,Adequate,Replace,Moderate,Replace,Not Observed,Not Observed,Not Observed,Not Observed,Not Observed,Yes,Fair,Listed,Not Listed,No,No,Poor,Yes,No,No,No,Yes,Replace,Minor,Minor,Minor,Not Present,Moderate,Minor,Minor,Minor,Moderate,Fair,Not Researched,Yes,Yes,Yes,Fair,Yes
"Beethoven, Ludwig Van Elementary",Beethoven,"5125 Washington St West Roxbury, MA 02132",K1-3,Owned,37452,37452,1925,1925,"CAD plans, site plans",122680,"$19,632.00",17669,"$20,307.00",73100,"$10,491.00","$50,430.00",Phase 3,342,342,Yes,No,Yes,Adequate,Adequate,Adequate,Adequate,Minor,Moderate,Adequate,Adequate,Adequate,Adequate,Adequate,Adequate,Minor,Minor,Adequate,Not Observed,Not Observed,Not Observed,Not Observed,Not Observed,Yes,Excellent,Not Listed,Not Listed,No,No,Fair,Yes,No,No,Yes,Yes,Adequate,Minor,Adequate,Moderate,Minor,Not Present,Minor,Moderate,Not Present,Not Present,Fair,Not Researched,No,No,Yes,Fair,No
"Blackstone, William Elementary",Blackstone,"380 Shawmut Ave Boston, MA 02118",K0-5,Owned,194260,167781,1975,1975,"CAD plans, site plans",1048920,"$226,804.00",115380,"$124,712.00",218350,"$27,794.00","$379,310.00",Phase 3,595,595,Yes,No,Yes,Adequate,Minor,Minor,Minor,Adequate,Adequate,Minor,Adequate,Moderate,Adequate,Minor,Minor,Moderate,Minor,Adequate,Not Observed,Not Observed,Not Observed,Not Observed,Not Observed,Yes,Good,Not Listed,Not Listed,No,Yes,Good,Yes,No,Yes,Yes,No,Replace,Minor,Moderate,Moderate,Moderate,Minor,Adequate,Minor,Minor,Minor,Fair,Not Researched,Yes,Yes,Yes,Fair,Yes
Boston Adult Technical Academy,,"20 Church Street Boston, MA 02116",11-dic,Owned,17640,17640,2005,1899,"CAD plans, site plans",91160,"$20,821.00",3845,"$5,269.00",23630,"$3,148.00","$29,238.00",Phase 3,170,170,No,No,Yes,Replace,Adequate,Adequate,Minor,Moderate,Moderate,Minor,Adequate,Adequate,Moderate,Adequate,Adequate,Moderate,Moderate,Adequate,Not Observed,Not Observed,Not Observed,Not Observed,Not Observed,No,Good,Listed,Not Listed,No,No,Deficient,Yes,No,Yes,No,No,Not Present,Adequate,Not Present,Minor,Replace,Moderate,Adequate,Minor,Not Present,Minor,Fair,Not Researched,Yes,Yes,Yes,Fair,No
Boston Arts Academy,Boston Arts Academy,"174 Ipswich St Boston, MA 02215",09-dic,Owned,79541,79541,1998,1899,"CAD plans, site plans",782820,"$112,162.00",54291,"$66,101.00",71260,"$10,245.00","$188,508.00",Phase 3,437,437,Yes,No,Yes,Minor,Adequate,Adequate,Minor,Adequate,Moderate,Adequate,Minor,Minor,Minor,Adequate,Adequate,Minor,Moderate,Adequate,Not Observed,Not Observed,Not Observed,Not Observed,Not Observed,No,Good,Not Listed,Not Listed,Yes,No,Poor,Yes,No,Yes,No,Yes,Not Present,Moderate,Adequate,Not Present,Minor,Not Present,Not Present,Not Present,Not Present,Not Present,Poor,Not Researched,Yes,Yes,No,Poor,No
Boston Community Leadership Academy*,Hyde Park High Complex,"655 Metropolitan Av Hyde Park, MA 02136",09-dic,Owned,127373,127373,2005,1929,"CAD plans, site plans",1016346,"$152,573.00",87336,"$64,059.00",120635,"$16,435.00","$233,067.00",Phase 3,506,825,Yes,No,Yes,Adequate,Adequate,Adequate,Minor,Minor,Adequate,Adequate,Adequate,Adequate,Adequate,Minor,Adequate,Moderate,Minor,Minor,Not Observed,Not Observed,Not Observed,Not Observed,Not Observed,Yes,Good,Listed,Not Listed,No,Yes,Good,Yes,No,No,No,No,Minor,Minor,Moderate,Moderate,Not Present,Minor,Minor,Minor,Not Present,Minor,Fair,Not Researched,No,Yes,Yes,Fair,Yes
Boston Day & Evening Academy,Wheatley,"20 Kearsarge Avenue, Roxbury 02119",09-dic,Owned,55351,55351,1929,1995,"CAD plans, site plans",203360,"$34,153.00",18146,"$27,214.00",25950,"$3,088.00","$64,455.00",Phase 3,400,400,No,No,Yes,Minor,Adequate,Replace,Adequate,Minor,Minor,Adequate,Adequate,Not Present,Adequate,Minor,Adequate,Adequate,Minor,Adequate,Not Observed,Not Observed,Not Observed,Not Observed,Yes,Yes,Good,Not Listed,Not Listed,No,No,Poor,Yes,No,No,No,Yes,Minor,Adequate,Not Present,Adequate,Moderate,Adequate,Moderate,Minor,Not Present,Minor,Good,Not Researched,Yes,Yes,Yes,Good,Yes
Boston Green Academy*,Taft,"20 Warren Street Brighton, MA 02135",06-dic,Owned,113199,113199,,1895,"Program plans, MSBA space comparison plans, CAD plans, site plans",343410,"$49,657.00",51459,"$57,978.00",163110,"$20,763.00","$128,398.00",Phase 2,437,674,Yes,No,Yes,Minor,Adequate,Minor,Moderate,Moderate,Not Present,Adequate,Minor,Not Present,Adequate,Moderate,Minor,Adequate,Adequate,Moderate,Not Observed,Yes,Not Observed,Not Observed,Not Observed,Yes,Good,Listed,Not Listed,No,No,Poor,Yes,No,No,No,No,Adequate,Adequate,Minor,Minor,Moderate,Moderate,Adequate,Adequate,Moderate,Moderate,Good,Not Researched,Yes,Yes,Yes,Good,Yes
Boston International Newcomers Academy,Thompson,"100 Maxwell St Dorchester, MA 02124",09-dic,Owned,103272,103272,"2003, 2009",1922,"CAD plans, site plans",250144,"$35,951.00",26121,"$36,426.00",43700,"$5,374.00","$77,751.00",Phase 3,375,375,No,No,Yes,Moderate,Adequate,Moderate,Moderate,Replace,Replace,Minor,Moderate,Not Present,Adequate,Minor,Replace,Moderate,Replace,Not Present,Not Observed,Not Observed,Not Observed,Not Observed,Not Observed,Yes,Fair,Not Listed,Not Listed,No,Yes,Poor,Yes,No,No,No,Yes,Moderate,Minor,Not Present,Replace,Not Present,Not Present,Moderate,Moderate,Not Present,Minor,Poor,Not Researched,Yes,Yes,Yes,Poor,No
Boston Latin Academy,Boston Technical High School,"205 Townsend St Dorchester, MA 02121",07-dic,Owned,324188,224188,1926,1926,"CAD plans, site plans",1080876,"$149,373.00",87133,"$112,539.00",351300,"$46,563.00","$308,475.00",Phase 3,1718,1718,Yes,Yes,Yes,Adequate,Adequate,Minor,Minor,Moderate,Moderate,Minor,Adequate,Replace,Minor,Minor,Minor,Moderate,Moderate,Adequate,Not Observed,Not Observed,Not Observed,Not Observed,Not Observed,Yes,Good,Listed,Not Listed,Yes,Yes,Good,Yes,No,No,No,Yes,Moderate,Minor,Minor,Moderate,Not Present,Minor,Moderate,Moderate,Not Present,Minor,Fair,Not Researched,Yes,Yes,Yes,Fair,Yes
Boston Latin School,Boston Latin School,"78 Louis Pasteur Avenue Boston, MA 02115",07-dic,Owned,336378,336378,1922,1922,"Program plans, MSBA space comparison plans, CAD plans, site plans",1518864,"$224,542.00",144261,"$181,411.00",286465,"$38,283.00","$444,236.00",Phase 2,2439,2439,Yes,No,Yes,Minor,Minor,Minor,Replace,Minor,Moderate,Adequate,Minor,Adequate,Adequate,Minor,Minor,Minor,Adequate,Minor,Not Observed,Yes,Yes,Not Observed,Yes,Yes,Good,Listed,Not Listed,Yes,No,Poor,Yes,No,Yes,Yes,No,Adequate,Adequate,Moderate,Minor,Adequate,Moderate,Minor,Minor,Adequate,Not Present,Good,Not Researched,Yes,No,No,Good,Yes
Boston Teachers Union K-8 School,BTU K-8,"25 Walk Hill St Jamaica Plain, MA 02130",K0-8,Owned,39586,39586,1899,1889,"CAD plans, site plans",145560,"$24,218.00",27613,"$31,297.00",44430,"$6,202.00","$61,717.00",Phase 3,326,326,No,No,Yes,Adequate,Adequate,Adequate,Moderate,Minor,Moderate,Adequate,Adequate,Adequate,Adequate,Minor,Adequate,Minor,Minor,Adequate,Not Observed,Not Observed,Not Observed,Not Observed,Not Observed,Yes,Good,Not Listed,Not Listed,No,Yes,Good,Yes,No,No,Yes,No,Not Present,Minor,Moderate,Replace,Minor,Not Present,Adequate,Moderate,Replace,Moderate,Fair,Not Researched,Yes,Yes,Yes,Fair,No
"Bradley, Manassah E. Elementary",Bradley,"110 Beachview Rd East Boston, MA 02128",K0-5,Owned,33128,33128,1958,1958,"Program plans, MSBA space comparison plans, CAD plans, site plans",120880,"$17,820.00",11698,"$13,768.00",39850,"$4,889.00","$36,477.00",Phase 2,309,309,Yes,No,Yes,Adequate,Minor,Replace,Adequate,Minor,Not Present,Minor,Minor,Not Present,Replace,Minor,Minor,Moderate,Adequate,Not Present,Not Observed,Not Observed,Yes,Not Observed,Yes,No,Fair,Not Listed,Not Listed,No,No,Poor,Yes,No,No,No,No,Not Present,Minor,Replace,Moderate,Not Present,Moderate,Minor,Adequate,Adequate,Moderate,Fair,Not Researched,Yes,No,Yes,Fair,No
Brighton High,Brighton High,"25 Warren St Brighton, MA 02135",09-dic,Owned,216213,216213,1930,1930,"CAD plans, site plans",681868,"$103,151.00",54654,"$70,999.00",227450,"$29,457.00","$203,607.00",Phase 3,931,931,Yes,No,Yes,Minor,Adequate,Minor,Minor,Moderate,Moderate,Minor,Adequate,Not Present,Minor,Moderate,Minor,Replace,Replace,Minor,Not Observed,Not Observed,Not Observed,Not Observed,Not Observed,Yes,Fair,Listed,Not Listed,Yes,No,Fair,Yes,No,No,No,No,Minor,Minor,Moderate,Moderate,Moderate,Moderate,Replace,Minor,Not Present,Moderate,Fair,Not Researched,Yes,Yes,Yes,Fair,No
"Burke, Jeremiah E. High*",Burke High,"60 Washington St Dorchester, MA 02121",09-dic,Owned,202304,123099.72,1934,1934,"Program plans, MSBA space comparison plans, CAD plans, site plans",1322520,"$228,356.00",95716,"$84,952.00",93007,"$12,954.00","$326,262.00",Phase 1,532,794,Yes,No,Yes,Adequate,Adequate,Replace,Minor,Replace,Replace,Adequate,Minor,Moderate,Adequate,Moderate,Minor,Moderate,Moderate,Minor,Not Observed,Not Observed,Not Observed,Not Observed,Not Observed,No,Fair,Listed,Not Listed,No,Yes,Good,Yes,No,No,No,No,Adequate,Minor,Minor,Adequate,Moderate,Adequate,Minor,Adequate,Not Present,Adequate,Good,Not Researched,Yes,Yes,Yes,Good,Yes
Carter Development Center,Carter School,"396 Northampton St Boston, MA 02118",06-dic,Owned,13583,13583,1971,1971,"CAD plans, site plans",325320,"$56,532.00",0, $-   ,60820,"$4,360.00","$60,892.00",Phase 3,28,28,Yes,No,Yes,Minor,Moderate,Replace,Not Present,Minor,Adequate,Adequate,Adequate,Not Present,Moderate,Adequate,Minor,Moderate,Adequate,Adequate,Not Observed,Not Observed,Not Observed,Not Observed,Not Observed,Yes,Good,Not Listed,Not Listed,No,No,Deficient,Yes,No,Yes,Yes,No,Adequate,Adequate,Adequate,Adequate,Adequate,Minor,Minor,Moderate,Adequate,Not Present,Good,Not Researched,Yes,Yes,Yes,Good,No
"Channing, William E. Elementary",Channing Elementary,"35 Sunnyside St Hyde Park, MA 02136",K1-5,Owned,32582,32582,1928,1928,"CAD plans, site plans",87152,"$13,285.00",14269,"$10,694.00",39730,"$4,885.00","$28,864.00",Phase 3,292,292,Yes,No,Yes,Adequate,Adequate,Minor,Minor,Moderate,Moderate,Minor,Minor,Not Present,Minor,Moderate,Adequate,Minor,Minor,Not Present,Not Observed,Not Observed,Not Observed,Not Observed,Not Observed,Yes,Fair,Not Listed,Not Listed,No,Yes,Fair,Yes,No,No,No,No,Replace,Moderate,Moderate,Moderate,Not Present,Not Present,Moderate,Moderate,Minor,Moderate,Poor,Not Researched,No,Yes,Yes,Poor,Yes
Charlestown High,Charlestown High,"240 Medford St Charlestown, MA 02129",09-dic,Owned,226822,226822,1978,1978,"CAD plans, site plans",1199240,"$221,161.00",130015,"$167,987.00",192520,"$26,431.00","$415,579.00",Phase 3,958,958,Yes,No,Yes,Minor,Adequate,Adequate,Adequate,Moderate,Moderate,Adequate,Adequate,Minor,Minor,Minor,Adequate,Adequate,Moderate,Adequate,Not Observed,Not Observed,Not Observed,Not Observed,Not Observed,Yes,Good,Not Listed,Not Listed,No,Yes,Good,Yes,No,Yes,Yes,Yes,Minor,Minor,Minor,Minor,Minor,Minor,Adequate,Minor,Adequate,Minor,Good,Not Researched,Yes,Yes,Yes,Good,Yes
"Chittick, James J. Elementary",Chittick Elementary,"154 Ruskindale Rd Mattapan, MA 02126",K1-5,Owned,48697,48697,1931,1931,"CAD plans, site plans",120072,"$17,670.00",16973,"$12,811.00",48120,"$5,945.00","$36,426.00",Phase 3,310,310,Yes,No,Yes,Moderate,Minor,Replace,Minor,Moderate,Moderate,Minor,Minor,Not Present,Minor,Moderate,Minor,Moderate,Moderate,Not Present,Not Observed,Not Observed,Not Observed,Not Observed,Not Observed,Yes,Fair,Not Listed,Not Listed,No,No,Poor,Yes,No,No,No,Yes,Not Present,Moderate,Minor,Replace,Not Present,Not Present,Minor,Moderate,Moderate,Moderate,Poor,Not Researched,No,Yes,Yes,Poor,Yes
Clap Innovation School,Clap Elementary,"35 Harvest Street, Dorchester",K1-5,Owned,29448,29448,2011,1896,"Program plans, MSBA space comparison plans, CAD plans, site plans",73600,"$13,196.00",8819,"$10,654.00",21170,"$2,510.00","$26,360.00",Phase 2,158,158,Yes,No,No,Replace,Minor,Minor,Adequate,Minor,Not Present,Adequate,Moderate,Not Present,Adequate,Moderate,Minor,Adequate,Adequate,Replace,Yes,Not Observed,Yes,Not Observed,Not Observed,Yes,Fair,Not Listed,Not Listed,No,No,Poor,Yes,No,No,No,No,Moderate,Adequate,Moderate,Adequate,Moderate,Replace,Adequate,Minor,Adequate,Adequate,Good,Not Researched,Yes,No,Yes,Good,No
Community Academy,Fuller,"25 Glen Road, Jamaica Plain",09-dic,Owned,19889,19889,,1892,"CAD plans, site plans",58670,"$8,053.00",10744,"$12,706.00",19720,"$2,573.00","$23,332.00",Phase 3,40,40,Yes,No,Yes,Replace,Adequate,Minor,Replace,Replace,Replace,Moderate,Moderate,Not Present,Replace,Replace,Minor,Replace,Replace,Replace,Yes,Yes,Not Observed,Yes,Not Observed,Yes,Poor,Listed,Not Listed,No,No,Poor,No,No,No,No,Yes,Replace,Moderate,Not Present,Replace,Not Present,Not Present,Replace,Moderate,Moderate,Replace,Poor,Not Researched,Yes,Yes,Yes,Poor,No
Community Academy of Science & Health*,Cleveland,"11 Charles St Dorchester, MA 02122",09-dic,Owned,85935,85935,2005,1928,"CAD plans, site plans",443480,"$86,517.00",47502,"$59,149.00",89380,"$11,207.00","$156,873.00",Phase 3,414,483,Yes,No,Yes,Minor,Adequate,Moderate,Minor,Minor,Minor,Minor,Minor,Moderate,Minor,Minor,Moderate,Minor,Minor,Minor,Not Observed,Not Observed,Not Observed,Not Observed,Not Observed,Yes,Fair,Not Listed,Not Listed,Yes,No,Poor,Yes,No,No,Yes,No,Moderate,Minor,Replace,Moderate,Moderate,Moderate,Moderate,Minor,Not Present,Replace,Fair,Not Researched,Yes,Yes,Yes,Fair,Yes
"Condon, James F. Elementary",Condon Elementary,"200 D St South Boston, MA 02127",K0-6,Owned,140426,140426,1975,1975,"CAD plans, site plans",783380,"$183,575.00",133690,"$148,439.00",248250,"$32,480.00","$364,494.00",Phase 3,837,837,Yes,No,Yes,Minor,Adequate,Minor,Replace,Minor,Minor,Adequate,Adequate,Not Present,Adequate,Adequate,Moderate,Moderate,Minor,Adequate,Not Observed,Yes,Yes,Not Observed,Not Observed,Yes,Good,Not Listed,Not Listed,Yes,Yes,Excellent,Yes,No,Yes,No,Yes,Minor,Minor,Moderate,Moderate,Minor,Minor,Minor,Minor,Moderate,Adequate,Good,Not Researched,Yes,Yes,Yes,Good,Yes
"Conley, George H. Elementary",Conley Elementary School,"450 Poplar St Roslindale, MA 02131",K0-5,Owned,25281,25281,1931,1931,"CAD plans, site plans",87524,"$9,843.00",14007,"$16,293.00",45170,"$5,586.00","$31,722.00",Phase 3,220,220,Yes,No,Yes,Adequate,Adequate,Minor,Replace,Moderate,Moderate,Minor,Minor,Not Present,Moderate,Minor,Adequate,Minor,Moderate,Replace,Not Observed,Not Observed,Not Observed,Not Observed,Not Observed,No,Fair,Listed,Not Listed,No,No,Fair,Yes,No,No,No,Yes,Moderate,Adequate,Minor,Minor,Not Present,Not Present,Replace,Moderate,Moderate,Moderate,Fair,Not Researched,No,Yes,Yes,Fair,Yes
Curley K-8 (Lower School),James Curley Elementary School,"40 Pershing Rd Jamaica Plain, MA 02130",K1-5,Owned,34445,34445,2007,1970,"CAD plans, site plans",203904,"$36,879.00",13298,"$16,031.00",48760,"$6,013.00","$58,923.00",Phase 3,895,632,Yes,No,Yes,Replace,Adequate,Replace,Moderate,Minor,Minor,Adequate,Moderate,Not Present,Minor,Adequate,Minor,Moderate,Minor,Minor,Not Observed,Not Observed,Not Observed,Not Observed,Not Observed,Yes,Good,Not Listed,Not Listed,No,No,Poor,Yes,No,No,Yes,No,Replace,Minor,Minor,Replace,Replace,Not Present,Adequate,Moderate,Adequate,Replace,Fair,Not Researched,Yes,Yes,Yes,Fair,Yes
Curley K-8 (Upper School),Mary Curley Middle School,"493 Centre Street, Jamaica Plain",06-ago,Owned,122183,122183,2007,1931,"CAD plans, site plans",267312,"$40,681.00",36797,"$41,436.00",87690,"$11,035.00","$93,152.00",Phase 3,895,263,Yes,No,Yes,Minor,Adequate,Replace,Minor,Moderate,Moderate,Minor,Minor,Not Present,Adequate,Minor,Adequate,Replace,Replace,Adequate,Not Observed,Not Observed,Yes,Not Observed,Not Observed,Yes,Good,Listed,Not Listed,Yes,Yes,Fair,Yes,No,No,Yes,No,Replace,Minor,Minor,Replace,Replace,Not Present,Adequate,Moderate,Adequate,Replace,Fair,Not Researched,Yes,Yes,Yes,Fair,Yes
Dearborn STEM Academy*,Dearborn,"35 Greenville Street Roxbury, MA ",06-dic,In Construction,202304,57929.28,1912,2018,None,,,,,,, $-   ,Not Assessed,262,794,,,,,,,,,,,,,,,,,,,,,,,,,Not Assessed,,,,,Not Assessed,,,,,,,,,,,,,,,,Not Assessed,Not Researched,,,,Not Assessed,
"Dever, Paul A. Elementary",Dever Elementary,"325 Mt Vernon St Dorchester, MA 02125",K1-5,Owned,75892,75892,1957,1957,"CADplans,siteplans",493520,"$76,625.00",86865,"$109,138.00",149580,"$19,400.00","$205,163.00",Phase 3,498,498,Yes,No,Yes,Minor,Minor,Minor,Moderate,Replace,Replace,Replace,Replace,Replace,Moderate,Replace,Minor,Replace,Replace,Not Present,Not Observed,Not Observed,Not Observed,Not Observed,Yes,No,Poor,Not Listed,Not Listed,No,No,Poor,Yes,No,Yes,No,Yes,Replace,Minor,Adequate,Moderate,Adequate,Not Present,Replace,Replace,Replace,Replace,Fair,Not Researched,Yes,No,No,Fair,Yes
Dickerman Elementary,Dickerman Elementary,"206 Magnolia St, Dorchester, MA 02121",None,Closed,28650,28650,1915,1915,"CAD plans, site plans",,,,,,, $-   ,Phase 3,0,0,No,No,Yes,Adequate,Adequate,Adequate,Moderate,Adequate,Minor,Minor,Moderate,Not Present,Minor,Minor,Adequate,Adequate,Minor,Replace,Not Observed,Not Observed,Not Observed,Not Observed,Not Observed,Yes,Good,Not Listed,Not Listed,No,No,Poor,No,No,No,No,Yes,Minor,Minor,Replace,Minor,Not Present,Moderate,Moderate,Minor,Minor,Minor,Fair,Not Researched,No,No,No,Fair,No
Dorchester Academy*,Cleveland,"11 Charles St. Dorchester, MA 02122",09-dic,Owned,85935,85935,1919,1928,"CAD plans, site plans",350496,"$87,775.00",55181,"$61,154.00",52050,"$6,407.00","$155,336.00",Phase 3,69,483,Yes,No,Yes,Minor,Adequate,Moderate,Minor,Minor,Minor,Minor,Minor,Minor,Minor,Moderate,Moderate,Minor,Minor,Replace,Not Observed,Not Observed,Not Observed,Not Observed,Not Observed,Yes,Good,Not Listed,Not Listed,Yes,No,Poor,Yes,No,No,Yes,No,Moderate,Minor,Replace,Moderate,Moderate,Moderate,Moderate,Minor,Not Present,Replace,Fair,Not Researched,Yes,Yes,Yes,Fair,Yes
Dudley Street Neighborhood School,Emerson Elementary,"6 Shirley St Roxbury, MA 02119",K1-5,Owned,19629,19629,,1924,"CAD plans, site plans",139760,"$19,403.00",9720,"$11,588.00",66960,"$8,361.00","$39,352.00",Phase 3,292,292,Yes,No,Yes,Moderate,Moderate,Replace,Moderate,Moderate,Moderate,Minor,Moderate,Not Present,Minor,Replace,Minor,Replace,Moderate,Not Present,Not Observed,Not Observed,Not Observed,Not Observed,Yes,Yes,Fair,Not Listed,Not Listed,No,No,Poor,Yes,No,No,No,Yes,Moderate,Minor,Moderate,Minor,Not Present,Not Present,Moderate,Moderate,Minor,Moderate,Fair,Not Researched,Yes,Yes,Yes,Fair,Yes
East Boston Early Education Center,East Boston EEC,"135 Gove St East Boston, MA 02128",K0-1,Owned,36400,36400,1998,1998,"CAD plans, site plans",276680,"$55,224.00",13676,"$15,931.00",48760,"$7,316.00","$78,471.00",Phase 3,184,184,Yes,No,Yes,Minor,Adequate,Adequate,Minor,Minor,Minor,Minor,Adequate,Not Present,Adequate,Adequate,Adequate,Adequate,Adequate,Adequate,Not Observed,Not Observed,Not Observed,Not Observed,Not Observed,Yes,Excellent,Not Listed,Not Listed,No,No,N/A,Yes,No,Yes,No,No,Replace,Minor,Adequate,Adequate,Adequate,Adequate,Adequate,Adequate,Adequate,Not Present,Good,Not Researched,Yes,Yes,Yes,Good,Yes
East Boston High,East Boston High,"86 White St East Boston, MA 02128",09-dic,Owned,242505,242505,1924,1924,"Program plans, MSBA space comparison plans, CAD plans, site plans",632401,"$97,928.00",88910,"$122,202.00",134780,"$18,655.00","$238,785.00",Phase 2,1495,1495,Yes,No,Yes,Minor,Adequate,Moderate,Replace,Moderate,Moderate,Adequate,Minor,Minor,Replace,Moderate,Adequate,Adequate,Adequate,Adequate,Not Observed,Not Observed,Yes,Not Observed,Not Observed,Yes,Good,Listed,Listed,No,No,Fair,Yes,No,No,Yes,No,Minor,Moderate,Minor,Adequate,Moderate,Minor,Moderate,Adequate,Replace,Minor,Good,Not Researched,Yes,Yes,Yes,Good,Yes
"Edison, Thomas A. K-8",Edison Middle,"60 Glenmont Rd Brighton, MA 02135",K0-8,Owned,100500,100500,1932,1932,"CAD plans, site plans",267936,"$43,091.00",53055,"$60,369.00",127140,"$16,164.00","$119,624.00",Phase 3,765,765,Yes,No,Yes,Minor,Adequate,Minor,Adequate,Moderate,Moderate,Moderate,Minor,Not Present,Adequate,Moderate,Minor,Adequate,Minor,Moderate,Not Observed,Not Observed,Not Observed,Not Observed,Not Observed,No,Good,Listed,Not Listed,No,No,Deficient,Yes,No,No,Yes,Yes,Minor,Moderate,Moderate,Adequate,Replace,Not Present,Replace,Moderate,Minor,Minor,Fair,Not Researched,Yes,Yes,Yes,Fair,Yes
"Edwards, Clarence R. Middle",Edwards Middle,"28 Walker St Charlestown, MA 02129",06-ago,Owned,81655,81655,1932,1932,"CAD plans, site plans",251056,"$40,424.00",27949,"$39,855.00",85160,"$10,801.00","$91,080.00",Phase 3,366,366,Yes,No,Yes,Minor,Adequate,Moderate,Adequate,Adequate,Minor,Adequate,Moderate,Not Present,Adequate,Moderate,Minor,Moderate,Moderate,Replace,Not Observed,Not Observed,Not Observed,Not Observed,Yes,Yes,Good,Listed,Not Listed,No,No,Poor,Yes,No,No,No,Yes,Replace,Moderate,Moderate,Replace,Not Present,Not Present,Replace,Replace,Replace,Moderate,Poor,Not Researched,Yes,Yes,Yes,Poor,Yes
"Eliot, John K-8 (Lower School)",Eliot Elementary,"16 Charter St Boston, MA 02113",K0-1,Owned,34603,34603,1932,1932,"CAD plans, site plans",117120,"$16,893.00",13001,"$20,511.00",58150,"$7,290.00","$44,694.00",Phase 3,517,190,Yes,No,Yes,Not Present,Adequate,Minor,Minor,Moderate,Moderate,Moderate,Moderate,Not Present,Minor,Moderate,Minor,Replace,Moderate,Replace,Not Observed,Not Observed,Not Observed,Not Observed,Not Observed,Yes,Fair,Listed,Not Listed,No,No,Fair,Yes,No,No,No,No,Replace,Minor,Moderate,Minor,Not Present,Minor,Adequate,Moderate,Minor,Adequate,Fair,Not Researched,Yes,Yes,Yes,Fair,Yes
"Eliot, John K-8 (Upper School)",,"585 Commercial Street Boston, MA 02109",02-ago,Owned,39294,39294,,1872,"CAD plans, site plans",251260,"$53,603.00",0, $-   ,15790,"$2,607.00","$56,210.00",Phase 3,517,327,No,No,Yes,Replace,Adequate,Adequate,Replace,Adequate,Moderate,Adequate,Adequate,Moderate,Adequate,Adequate,Adequate,Minor,Adequate,Adequate,Not Observed,Not Observed,Not Observed,Not Observed,Not Observed,No,Good,Not Listed,Not Listed,No,No,Poor,Yes,No,Yes,No,No,Moderate,Minor,Moderate,Moderate,Minor,Moderate,Minor,Moderate,Not Present,Not Present,Fair,Not Researched,Yes,Yes,Yes,Fair,Yes
"Eliot, John K-8 (Upper School) - (In Construction)",W Bennet St. School,"150 North Street Boston, MA 02109",None,In Construction,,,,2018,"CAD plans, site plans",,,,,,, $-   ,Not Assessed,0,0,,,,,,,,,,,,,,,,,,,,,,,,,Not Assessed,,,,,Not Assessed,,,,,,,,,,,,,,,,Not Assessed,Not Researched,,,,Not Assessed,
"Ellis, David A. Elementary",Ellis Elementary,"302 Walnut Ave Roxbury, MA 02119",K1-5,Owned,51123,51123,1932,1932,"Program plans, MSBA space comparison plans, CAD plans, site plans",124120,"$20,022.00",19893,"$30,013.00",68750,"$8,607.00","$58,642.00",Phase 2,444,444,Yes,No,Yes,Minor,Minor,Replace,Moderate,Replace,Not Present,Replace,Moderate,Not Present,Adequate,Minor,Minor,Adequate,Minor,Not Present,Not Observed,Yes,Yes,Not Observed,Yes,No,Fair,Listed,Not Listed,No,No,Poor,Yes,No,No,No,Yes,Replace,Adequate,Moderate,Moderate,Replace,Replace,Minor,Minor,Minor,Moderate,Fair,Not Researched,No,Yes,Yes,Fair,Yes
Ellison/Parks Early Education School,Mattapan EEC,"108 Babson St Mattapan, MA 02126",K0-3,Owned,36820,36820,1998,1998,"CAD plans, site plans",286716,"$50,820.00",15747,"$18,191.00",60020,"$7,571.00","$76,582.00",Phase 3,189,189,Yes,No,Yes,Adequate,Adequate,Adequate,Adequate,Adequate,Adequate,Adequate,Adequate,Adequate,Adequate,Adequate,Adequate,Adequate,Adequate,Adequate,Not Observed,Not Observed,Not Observed,Not Observed,Not Observed,Yes,Excellent,Not Listed,Not Listed,No,Yes,Excellent,Yes,No,No,No,Yes,Adequate,Adequate,Adequate,Minor,Adequate,Minor,Adequate,Moderate,Minor,Adequate,Good,Not Researched,Yes,Yes,Yes,Good,Yes
Endicott,Endicott,"2 McLellan St, Boston, MA 02121",None,Closed,21560,21560,1906,1906,"CAD plans, site plans",,,,,,, $-   ,Phase 3,0,0,No,No,No,Not Present,Minor,Minor,Adequate,Moderate,Minor,Minor,Minor,Not Present,Adequate,Moderate,Minor,Moderate,Moderate,Replace,Not Observed,Not Observed,Not Observed,Not Observed,Yes,Yes,Fair,Not Listed,Not Listed,No,No,Poor,Yes,No,No,No,Yes,Minor,Minor,Replace,Minor,Not Present,Moderate,Moderate,Minor,Minor,Minor,Fair,Not Researched,Yes,No,Yes,Fair,Yes
"English High, The",English High,"144 McBride St Jamaica Plain, MA 02130",09-dic,Owned,225560,225560,1821,1979,"Program plans, MSBA space comparison plans, CAD plans, site plans",621720,"$158,590.00",199318,"$197,335.00",226150,"$30,182.00","$386,107.00",Phase 2,586,586,Yes,No,Yes,Minor,Moderate,Replace,Adequate,Moderate,Minor,Adequate,Minor,Not Present,Adequate,Minor,Adequate,Adequate,Adequate,Minor,Not Observed,Not Observed,Yes,Not Observed,Not Observed,No,Good,Not Listed,Not Listed,No,No,Fair,Yes,No,No,No,Yes,Minor,Adequate,Minor,Minor,Minor,Moderate,Moderate,Minor,Moderate,Minor,Good,Not Researched,Yes,Yes,Yes,Good,Yes
"Everett, Edwards Elementary",Everett Elementary,"71 Pleasant St Dorchester, MA 02125",K0-5,Owned,30634,30634,1908,1909,"CAD plans, site plans",101876,"$15,870.00",13758,"$16,350.00",28640,"$3,444.00","$35,664.00",Phase 3,275,275,Yes,No,No,Replace,Minor,Minor,Moderate,Replace,Replace,Moderate,Moderate,Not Present,Minor,Moderate,Moderate,Replace,Replace,Moderate,Not Observed,Not Observed,Not Observed,Not Observed,Yes,No,Fair,Not Listed,Not Listed,No,No,Poor,No,No,No,No,No,Minor,Adequate,Minor,Minor,Not Present,Minor,Adequate,Minor,Adequate,Moderate,Good,Not Researched,Yes,Yes,Yes,Good,Yes
Excel High,South Boston Ed Complex,"95 G St South Boston, MA 02127",09-dic,Owned,160269,160269,2001,1901,"Program plans, MSBA space comparison plans, CAD plans, site plans",539552,"$74,392.00",89310,"$109,794.00",229350,"$29,844.00","$214,030.00",Phase 2,519,519,Yes,No,Yes,Adequate,Adequate,Minor,Moderate,Moderate,Not Present,Replace,Moderate,Not Present,Adequate,Minor,Minor,Adequate,Adequate,Replace,Not Observed,Yes,Yes,Not Observed,Not Observed,Yes,Fair,Listed,Listed,No,No,Poor,Yes,No,No,No,No,Adequate,Moderate,Minor,Moderate,Moderate,Moderate,Minor,Moderate,Not Present,Minor,Fair,Not Researched,No,No,Yes,Fair,Yes
Fenway High,Fenway High School,"67 Alleghany Street Boston, MA 02120",09-dic,Owned,66000,66000,1997,1925,"CAD plans, site plans",272976,"$41,393.00",34253,"$38,544.00",50200,"$6,184.00","$86,121.00",Phase 3,337,337,No,No,No,Adequate,Adequate,Adequate,Adequate,Adequate,Moderate,Adequate,Adequate,Adequate,Adequate,Minor,Adequate,Adequate,Adequate,Adequate,Not Observed,Not Observed,Not Observed,Not Observed,Not Observed,Yes,Excellent,Not Listed,Not Listed,No,No,Fair,Yes,No,No,Yes,No,Adequate,Minor,Adequate,Adequate,Minor,Not Present,Moderate,Adequate,Moderate,Moderate,Good,Not Researched,Yes,Yes,Yes,Good,Yes
"Frederick, Lilla G. Middle",New Boston Pilot Middle School,"270 Columbia Rd Dorchester, MA 02121",06-ago,Owned,144008,144008,2003,2002,"CAD plans, site plans",1177520,"$239,086.00",46741,"$52,294.00",81000,"$12,972.00","$304,352.00",Phase 3,472,472,No,No,Yes,Adequate,Adequate,Adequate,Adequate,Adequate,Adequate,Adequate,Adequate,Adequate,Adequate,Minor,Adequate,Adequate,Adequate,Adequate,Not Observed,Not Observed,Not Observed,Not Observed,Not Observed,Yes,Excellent,Not Listed,Not Listed,No,Yes,Excellent,Yes,No,No,No,No,Adequate,Minor,Adequate,Adequate,Adequate,Adequate,Minor,Adequate,Minor,Adequate,Excellent,Not Researched,No,Yes,Yes,Excellent,Yes
Gardner Pilot Academy K-8,Gardner Elementary,"30 Athol St Allston, MA 02134",K1-8,Owned,59196,59196,1906,1906,"CAD plans, site plans",158252,"$26,168.00",21968,"$25,072.00",41900,"$5,121.00","$56,361.00",Phase 3,368,368,Yes,No,Yes,Adequate,Adequate,Minor,Minor,Minor,Moderate,Minor,Adequate,Not Present,Moderate,Replace,Minor,Minor,Minor,Adequate,Yes,Not Observed,Not Observed,Not Observed,Not Observed,Yes,Good,Not Listed,Not Listed,Yes,Yes,Poor,Yes,No,No,Yes,No,Adequate,Minor,Moderate,Adequate,Adequate,Moderate,Minor,Moderate,Adequate,Not Present,Good,Not Researched,No,Yes,Yes,Good,Yes
Greater Egleston Community High,Greater Egleston,"80 School St Roxbury, MA 02119",09-dic,Leased,11400,11400,,1920,"CAD plans, site plans",,,,,,, $-   ,Not Assessed,182,182,,,,,,,,,,,,,,,,,,,,,,,,,Not Assessed,Not Listed,Not Listed,No,No,Not Assessed,,No,No,No,,,,,,,,,,,,Not Assessed,Not Researched,,,,Not Assessed,No
"Greenwood, Elihu Leadership Academy",E. Greenwood Elementary,"612 Metropolitan Ave Hyde Park, MA 02136",None,In Construction,51128,51128,1957,1957,"CAD plans, site plans",35772,"$4,962.00",10507,"$8,287.00",9120,"$1,389.00","$14,638.00",Phase 3,0,0,Yes,No,Yes,Minor,Adequate,Adequate,Adequate,Moderate,Minor,Adequate,Adequate,Not Present,Adequate,Not Present,Adequate,Adequate,Not Present,Not Present,Not Observed,Not Observed,Not Observed,Not Observed,Not Observed,Yes,Fair,Not Listed,Not Listed,No,N/A,N/A,Yes,No,No,Yes,No,Replace,Minor,Minor,Moderate,Minor,Not Present,Replace,Minor,Minor,Replace,Fair,Not Researched,No,Yes,Yes,Fair,Yes
"Greenwood, Sarah K-8",Sarah Greenwood,189 Glenway Street,K1-8,Owned,58452,58452,,1925,"CAD plans, site plans",144528,"$23,741.00",22459,"$31,525.00",112900,"$14,476.00","$69,742.00",Phase 3,414,414,Yes,No,Yes,Minor,Adequate,Adequate,Adequate,Moderate,Moderate,Adequate,Minor,Not Present,Minor,Not Present,Not Present,Moderate,Replace,Not Present,Not Observed,Not Observed,Not Observed,Not Observed,Not Observed,Yes,Fair,Listed,Not Listed,No,N/A,N/A,N/A,No,No,No,Yes,Adequate,Adequate,Minor,Moderate,Not Present,Adequate,Moderate,Minor,Moderate,Minor,Good,Not Researched,No,Yes,Yes,Good,Yes
"Grew, Henry Elementary",Grew Elementary,"40 Gordon Ave Hyde Park, MA 02136",K1-5,Owned,32216,32216,1956,1958,"CAD plans, site plans",102720,"$16,769.00",11528,"$8,779.00",41510,"$5,094.00","$30,642.00",Phase 3,262,262,Yes,No,Yes,Minor,Adequate,Adequate,Minor,Moderate,Moderate,Moderate,Minor,Not Present,Adequate,Adequate,Adequate,Minor,Moderate,Replace,Not Observed,Not Observed,Not Observed,Not Observed,Not Observed,Yes,Good,Not Listed,Not Listed,No,No,Fair,Yes,No,No,No,Yes,Minor,Minor,Moderate,Minor,Moderate,Moderate,Moderate,Minor,Adequate,Moderate,Good,Not Researched,No,Yes,Yes,Good,Yes
"Guild, Curtis Elementary",Guild Elementary,"5 Ashley Street/195 Leyden St East Boston, MA 02128",K1-5,Owned,32127,32127,1921,1921,"CAD plans, site plans",124560,"$20,081.00",12857,"$16,084.00",67680,"$8,262.00","$44,427.00",Phase 3,338,338,Yes,No,Yes,Adequate,Adequate,Replace,Minor,Minor,Minor,Adequate,Replace,Not Present,Minor,Adequate,Minor,Minor,Minor,Replace,Not Observed,Not Observed,Not Observed,Not Observed,Not Observed,Yes,Good,Not Listed,Not Listed,No,No,Poor,Yes,No,Yes,No,Yes,Minor,Minor,Minor,Moderate,Moderate,Minor,Adequate,Moderate,Moderate,Minor,Good,Not Researched,Yes,Yes,Yes,Good,Yes
"Hale, Nathan Elementary",Hale Elementary,"51 Cedar St Roxbury, MA 02119",K1-5,Owned,23084,23084,1909,1909,"CAD plans, site plans",114420,"$19,610.00",9841,"$11,742.00",28880,"$3,464.00","$34,816.00",Phase 3,169,169,Yes,No,Yes,Not Present,Adequate,Adequate,Replace,Moderate,Replace,Minor,Moderate,Not Present,Adequate,Replace,Adequate,Minor,Moderate,Not Present,Not Observed,Not Observed,Not Observed,Not Observed,Not Observed,Yes,Fair,Listed,Listed,No,No,Poor,No,No,No,No,No,Replace,Moderate,Minor,Replace,Not Present,Moderate,Moderate,Replace,Minor,Moderate,Poor,Not Researched,Yes,Yes,Yes,Poor,No
"Haley K - 8, Dennis",Haley Pilot School,"570 Amer Legion Hwy Roslindale, MA 02131",K1-8,Owned,38993,38993,1973,1971,"CAD plans, site plans",346248,"$56,613.00",15748,"$18,247.00",56230,"$8,303.00","$83,163.00",Phase 3,452,452,Yes,No,Yes,Adequate,Minor,Minor,Minor,Minor,Moderate,Minor,Minor,Adequate,Adequate,Minor,Minor,Moderate,Adequate,Adequate,Not Observed,Not Observed,Not Observed,Not Observed,Not Observed,Yes,Good,Not Listed,Not Listed,No,No,Poor,Yes,No,No,Yes,No,Replace,Moderate,Adequate,Minor,Minor,Minor,Minor,Minor,Minor,Adequate,Good,Not Researched,No,Yes,Yes,Good,Yes
"Hamilton, Alexander",,"198 Strathmore Road, Brighton",None,Closed,31570,31570,1924,,"CAD plans, site plans",62240,"$9,932.00",11755,"$13,910.00",27820,"$3,354.00","$27,196.00",Phase 3,0,0,No,No,Yes,Minor,Adequate,Replace,Adequate,Moderate,Moderate,Minor,Minor,Not Present,Moderate,Moderate,Adequate,Minor,Moderate,Replace,Not Observed,Not Observed,Not Observed,Not Observed,Not Observed,Yes,Fair,Listed,Not Listed,No,Yes,Fair,Yes,No,No,No,Yes,Moderate,Minor,Replace,Minor,Not Present,Moderate,Moderate,Minor,Minor,Minor,Fair,Not Researched,Yes,Yes,Yes,Fair,Yes
Harvard/Kent Elementary,Harvard/Kent Elementary,"50 Bunker Hill St Charlestown, MA 02129",K0-5,Owned,93350,93350,1972,1971,"CAD plans, site plans",310860,"$77,142.00",65279,"$73,556.00",102210,"$12,886.00","$163,584.00",Phase 3,520,520,Yes,No,Yes,Moderate,Adequate,Minor,Minor,Moderate,Replace,Minor,Minor,Not Present,Minor,Moderate,Minor,Minor,Moderate,Moderate,Not Observed,Not Observed,Not Observed,Not Observed,Not Observed,Yes,Fair,Not Listed,Not Listed,Yes,No,Poor,Yes,No,Yes,Yes,No,Minor,Minor,Moderate,Moderate,Moderate,Minor,Moderate,Moderate,Adequate,Adequate,Good,Not Researched,Yes,Yes,Yes,Good,Yes
Haynes Early Education Center,Haynes EEC,"263 Blue Hill Ave Roxbury, MA 02119",K0-1,Owned,35500,35500,1998,1998,"CAD plans, site plans",276700,"$62,116.00",18772,"$21,587.00",50940,"$7,619.00","$91,322.00",Phase 3,175,175,Yes,No,Yes,Adequate,Adequate,Adequate,Adequate,Adequate,Adequate,Adequate,Adequate,Adequate,Adequate,Adequate,Adequate,Adequate,Adequate,Adequate,Not Observed,Not Observed,Not Observed,Not Observed,Not Observed,Yes,Excellent,Not Listed,Not Listed,No,Yes,Excellent,Yes,No,No,No,Yes,Moderate,Minor,Adequate,Adequate,Adequate,Adequate,Moderate,Adequate,Adequate,Not Present,Good,Not Researched,No,Yes,Yes,Good,Yes
"Henderson, Dr. William W. Inclusion (Lower School)",O'Hearn Elementary,"1669 Dorchester Ave Dorchester, MA 02122",K0-4,Owned,30381,30381,2009,1972,"Program plans, MSBA space comparison plans, CAD plans, site plans",82360,"$13,059.00",28093,"$32,237.00",35190,"$4,594.00","$49,890.00",Phase 1,648,217,Yes,No,Yes,Moderate,Moderate,Replace,Minor,Replace,Replace,Minor,Moderate,Not Present,Minor,Moderate,Adequate,Replace,Replace,Replace,Not Observed,Not Observed,Not Observed,Not Observed,Not Observed,No,Fair,Not Listed,Not Listed,No,No,Poor,Yes,No,No,No,Yes,Not Present,Adequate,Moderate,Moderate,Replace,Minor,Moderate,Moderate,Minor,Moderate,Fair,Not Researched,Yes,Yes,Yes,Fair,Yes
"Henderson, Dr. William W. Inclusion (Upper School)",Wilson,"18 Croftland Avenue Dorchester, MA 02124",05-dic,Owned,97130,97130,2009,1932,"Program plans, MSBA space comparison plans, CAD plans, site plans",249096,"$40,178.00",47648,"$60,996.00",46750,"$5,751.00","$106,925.00",Phase 1,648,431,Yes,No,Yes,Replace,Moderate,Replace,Moderate,Replace,Replace,Replace,Moderate,Not Present,Minor,Replace,Adequate,Replace,Minor,Moderate,Not Observed,Not Observed,Not Observed,Not Observed,Not Observed,No,Fair,Not Listed,Not Listed,Yes,No,Poor,Yes,No,No,Yes,Yes,Adequate,Minor,Minor,Moderate,Moderate,Not Present,Moderate,Minor,Minor,Minor,Fair,Not Researched,Yes,Yes,Yes,Fair,Yes
"Hennigan, James W. K-8*",Hennigan Elementary School,"200 Heath St Jamaica Plain, MA 02130",K2-7,Owned,137800,110800,1972,1972,"CAD plans, site plans",120384,"$74,435.00",267450,"$276,004.00",287880,"$37,653.00","$388,092.00",Phase 3,624,717,Yes,No,Yes,Moderate,Adequate,Minor,Adequate,Adequate,Minor,Minor,Minor,Not Present,Minor,Adequate,Minor,Moderate,Moderate,Minor,Not Observed,Not Observed,Not Observed,Not Observed,Not Observed,Yes,Good,Not Listed,Not Listed,No,Yes,Good,Yes,No,No,No,No,Minor,Moderate,Moderate,Moderate,Moderate,Minor,Minor,Minor,Minor,Moderate,Good,Not Researched,Yes,Yes,Yes,Good,Yes
"Hernandez, Rafael K-8",Hernandez,"61 School St Roxbury, MA 02119",K1-8,Owned,64313,64313,1923,1923,"CAD plans, site plans",134730,"$19,389.00",34872,"$39,700.00",78440,"$9,801.00","$68,890.00",Phase 3,399,399,Yes,No,Yes,Replace,Adequate,Minor,Moderate,Moderate,Replace,Minor,Moderate,Not Present,Minor,Moderate,Minor,Replace,Moderate,Replace,Not Observed,Not Observed,Not Observed,Not Observed,Not Observed,Yes,Fair,Not Listed,Not Listed,Yes,No,Poor,Yes,No,No,No,Yes,Moderate,Minor,Replace,Moderate,Not Present,Adequate,Minor,Minor,Minor,Moderate,Fair,Not Researched,Yes,Yes,Yes,Fair,Yes
Higginson Elementary,Higginson,"160 Harrishof Street Roxbury, MA 02119",K0-2,Owned,22968,22968,,1922,"CAD plans, site plans",71120,"$12,466.00",11649,"$13,718.00",41754,"$5,128.00","$31,312.00",Phase 3,186,186,Yes,No,Yes,Minor,Adequate,Replace,Replace,Moderate,Moderate,Minor,Replace,Not Present,Moderate,Adequate,Minor,Replace,Moderate,Not Present,Not Observed,Yes,Not Observed,Not Observed,Yes,Yes,Fair,Listed,Not Listed,No,No,Poor,Yes,No,No,No,Yes,Replace,Minor,Minor,Replace,Not Present,Minor,Moderate,Moderate,Moderate,Moderate,Fair,Not Researched,Yes,No,Yes,Fair,No
Higginson/Lewis K-8,Lewis,"131 Walnut Ave Roxbury, MA 02119",K1-8,Owned,76220,76220,1911,1912,"CAD plans, site plans",151240,"$24,093.00",26498,"$36,674.00",104100,"$13,389.00","$74,156.00",Phase 3,406,406,Yes,No,Yes,Minor,Adequate,Replace,Minor,Moderate,Replace,Minor,Moderate,Not Present,Replace,Replace,Minor,Moderate,Moderate,Replace,Not Observed,Not Observed,Not Observed,Not Observed,Not Observed,Yes,Fair,Not Listed,Not Listed,No,Yes,Fair,Yes,No,No,Yes,No,Replace,Moderate,Adequate,Moderate,Not Present,Minor,Replace,Moderate,Adequate,Replace,Fair,Not Researched,No,Yes,Yes,Fair,Yes
"Holmes, Oliver Wendell Elementary",Holmes Elementary,"40 School St Dorchester, MA 02124",K1-5,Owned,60280,60280,1906,1905,"CAD plans, site plans",158496,"$23,226.00",19269,"$22,583.00",101110,"$12,858.00","$58,667.00",Phase 3,367,367,Yes,No,Yes,Minor,Adequate,Minor,Moderate,Replace,Replace,Moderate,Moderate,Not Present,Moderate,Moderate,Minor,Replace,Replace,Minor,Not Observed,Not Observed,Not Observed,Not Observed,Not Observed,Yes,Fair,Not Listed,Not Listed,No,No,Poor,Yes,No,No,No,No,Not Present,Minor,Minor,Minor,Minor,Replace,Minor,Minor,Minor,Minor,Fair,Not Researched,No,Yes,Yes,Fair,Yes
Horace Mann School for the Deaf and Hard of Hearing*,Horace Mann School,"40 Armington St Allston, MA 02134",K0-12,Owned,34220,34220,1975,1975,"CAD plans, site plans",744520,"$196,134.00",257595,"$258,136.00",217680,"$29,828.00","$484,098.00",Phase 3,101,876,Yes,No,Yes,Minor,Adequate,Moderate,Minor,Minor,Moderate,Minor,Adequate,Moderate,Minor,Moderate,Adequate,Moderate,Minor,Adequate,Yes,Not Observed,Not Observed,Not Observed,Not Observed,Yes,Good,Not Listed,Not Listed,Yes,Yes,Good,Yes,No,No,No,No,Moderate,Replace,Minor,Moderate,Moderate,Replace,Adequate,Minor,Minor,Adequate,Fair,Not Researched,Yes,Yes,Yes,Fair,Yes
"Hurley, Joseph K-8",Hurley,"70 Worcester St Boston, MA 02118",K0-8,Owned,41479,41479,1961,1961,"CAD plans, site plans",125360,"$21,768.00",22480,"$25,977.00",33880,"$4,414.00","$52,159.00",Phase 3,346,346,Yes,No,Yes,Minor,Adequate,Adequate,Adequate,Minor,Moderate,Minor,Adequate,Moderate,Moderate,Adequate,Minor,Minor,Minor,Replace,Not Observed,Not Observed,Not Observed,Not Observed,Not Observed,Yes,Good,Not Listed,Not Listed,Yes,No,Fair,Yes,No,Yes,Yes,No,Minor,Minor,Moderate,Minor,Replace,Moderate,Minor,Minor,Adequate,Minor,Good,Not Researched,Yes,Yes,Yes,Good,Yes
"Irving, Washington Middle",Irving Middle,"105 Cummins Hgwy Roslindale, MA 02131",05-ago,Owned,110377,110377,1936,1937,"CAD plans, site plans",316596,"$43,067.00",48815,"$59,636.00",51640,"$6,365.00","$109,068.00",Phase 3,380,380,Yes,No,Yes,Adequate,Adequate,Adequate,Minor,Minor,Moderate,Minor,Minor,Not Present,Adequate,Minor,Moderate,Moderate,Moderate,Minor,Not Observed,Not Observed,Not Observed,Not Observed,Not Observed,No,Good,Listed,Not Listed,No,Yes,Fair,Yes,No,No,No,Yes,Moderate,Minor,Adequate,Moderate,Moderate,Moderate,Moderate,Moderate,Moderate,Moderate,Fair,Not Researched,Yes,Yes,Yes,Fair,Yes
Jackson/Mann K-8*,Horace Mann School,"40 Armington St Allston, MA 02134",K1-8,Owned,167604,167604,1975,1975,"CAD plans, site plans",744520,"$196,134.00",257595,"$258,136.00",217680,"$29,828.00","$484,098.00",Phase 3,775,876,Yes,No,Yes,Minor,Adequate,Moderate,Minor,Minor,Moderate,Minor,Adequate,Moderate,Minor,Moderate,Adequate,Moderate,Minor,Adequate,Yes,Not Observed,Not Observed,Not Observed,Not Observed,Yes,Good,Not Listed,Not Listed,Yes,Yes,Good,Yes,No,No,No,No,Moderate,Replace,Minor,Moderate,Moderate,Replace,Adequate,Minor,Minor,Adequate,Fair,Not Researched,Yes,Yes,Yes,Fair,Yes
"Kennedy, Edward M. Academy for Health Careers 11-12",EMK Health Careers Academy,"110 The Fenway Boston, MA 02115",11-dic,Leased,8930,8930,,,"CAD plans, site plans",,,,,,, $-   ,Not Assessed,359,166,,,,,,,,,,,,,,,,,,,,,,,,,Not Assessed,Not Listed,Not Listed,,,Not Assessed,,,,,,,,,,,,,,,,Not Assessed,Not Researched,,,,Not Assessed,
"Kennedy, Edward M. Academy for Health Careers 9-10",Farragut,"10 Fenwood Street Boston, MA",09-oct,Owned,35055,35055,,1904,"CAD plans, site plans",113600,"$16,940.00",11928,"$14,013.00",51170,"$7,192.00","$38,145.00",Phase 3,359,193,Yes,No,Yes,Adequate,Adequate,Moderate,Adequate,Minor,Minor,Adequate,Moderate,Adequate,Adequate,Moderate,Minor,Minor,Minor,Replace,Not Observed,Not Observed,Not Observed,Not Observed,Not Observed,Yes,Good,Listed,Not Listed,No,No,Poor,Yes,No,Yes,No,No,Adequate,Minor,Not Present,Not Present,Not Present,Not Present,Minor,Minor,Not Present,Minor,Fair,Not Researched,Yes,Yes,Yes,Fair,Yes
"Kennedy, John F Elementary",JFK Elementary,"7 Bolster St Jamaica Plain, MA 02130",K1-5,Owned,49194,49194,1963,1963,"CAD plans, site plans",117816,"$20,248.00",28390,"$32,656.00",101850,"$13,660.00","$66,564.00",Phase 3,394,394,Yes,No,Yes,Replace,Adequate,Adequate,Minor,Moderate,Moderate,Adequate,Minor,Replace,Replace,Adequate,Minor,Moderate,Moderate,Replace,Not Observed,Not Observed,Not Observed,Yes,Not Observed,Yes,Fair,Not Listed,Not Listed,No,No,Poor,Yes,No,No,No,No,Moderate,Minor,Minor,Replace,Moderate,Minor,Adequate,Moderate,Moderate,Minor,Fair,Not Researched,Yes,Yes,Yes,Fair,Yes
"Kennedy, Patrick Elementary",Patrick Kennedy Elementary,"343 Saratoga St East Boston, MA 02128",K0-5,Owned,27086,27086,1926,1933,"CAD plans, site plans",91904,"$14,252.00",8762,"$10,565.00",31890,"$3,858.00","$28,675.00",Phase 3,302,302,Yes,No,Yes,Minor,Adequate,Replace,Replace,Moderate,Replace,Minor,Moderate,Not Present,Replace,Minor,Minor,Replace,Moderate,Replace,Not Observed,Not Observed,Not Observed,Not Observed,Not Observed,Yes,Fair,Not Listed,Not Listed,No,No,Poor,Yes,No,Yes,Yes,Yes,Replace,Moderate,Moderate,Replace,Not Present,Adequate,Replace,Moderate,Minor,Replace,Fair,Not Researched,Yes,Yes,Yes,Fair,Yes
"Kenny, Thomas J. Elementary",Kenny Elementary,"19 Oakton Ave Dorchester, MA 02122",K0-5,Owned,37578,37578,1926,1926,"CAD plans, site plans",98967,"$15,429.00",10270,"$12,224.00",35810,"$4,349.00","$32,002.00",Phase 3,312,312,Yes,No,Yes,Adequate,Adequate,Minor,Minor,Moderate,Moderate,Adequate,Moderate,Not Present,Minor,Moderate,Moderate,Replace,Replace,Replace,Not Observed,Not Observed,Not Observed,Not Observed,Not Observed,No,Fair,Listed,Not Listed,No,No,Poor,Yes,No,No,No,Yes,Minor,Minor,Minor,Minor,Moderate,Moderate,Minor,Minor,Minor,Adequate,Good,Not Researched,Yes,Yes,Yes,Good,Yes
"Kilmer, Joyce K-8 (Lower School)",Kilmer K-8 Lower,"35 Baker St West Roxbury, MA 02132",K1-3,Owned,25068,25068,,1935,"Program plans, MSBA space comparison plans, CAD plans, site plans",100072,"$14,150.00",8111,"$9,830.00",35450,"$4,316.00","$28,296.00",Phase 2,243,243,Yes,No,Yes,Minor,Adequate,Replace,Adequate,Replace,Not Present,Adequate,Moderate,Not Present,Adequate,Moderate,Adequate,Adequate,Adequate,Replace,Not Observed,Yes,Yes,Not Observed,Not Observed,No,Fair,Not Listed,Not Listed,No,No,Poor,Yes,No,No,No,Yes,Minor,Minor,Moderate,Adequate,Minor,Minor,Minor,Minor,Minor,Minor,Good,Not Researched,No,Yes,Yes,Good,Yes
"Kilmer, Joyce K-8 (Upper School)",Kilmer K-8 Upper,"140 Russett Rd West Roxbury, MA 02132",04-ago,Owned,16394,16394,1935,1928,"CAD plans, site plans",,,,,,, $-   ,Phase 3,195,195,Yes,No,Yes,Moderate,Adequate,Replace,Adequate,Minor,Moderate,Minor,Moderate,Not Present,Minor,Moderate,Minor,Adequate,Adequate,Replace,Not Observed,Not Observed,Not Observed,Not Observed,Not Observed,Yes,Fair,Listed,Not Listed,No,Yes,Good,Yes,No,No,No,No,Minor,Moderate,Moderate,Minor,Not Present,Not Present,Adequate,Minor,Moderate,Minor,Fair,Not Researched,No,Yes,Yes,Fair,Yes
"King, Martin Luther, Jr K-8",King Middle,"77 Lawrence Ave Dorchester, MA 02121",K0-8,Owned,113462,113462,1937,1937,"CAD plans, site plans",284100,"$45,002.00",46693,"$55,473.00",73820,"$9,277.00","$109,752.00",Phase 3,497,497,Yes,No,Yes,Minor,Adequate,Minor,Minor,Moderate,Minor,Minor,Moderate,Not Present,Minor,Replace,Moderate,Moderate,Replace,Replace,Not Observed,Not Observed,Not Observed,Not Observed,Not Observed,Yes,Fair,Not Listed,Not Listed,Yes,Yes,Poor,Yes,No,No,Yes,No,Minor,Adequate,Minor,Minor,Minor,Adequate,Adequate,Minor,Adequate,Adequate,Good,Not Researched,No,Yes,Yes,Good,Yes
Lee Academy at the Fifield,Fifield,"25 Dunbar Av Dorchester, MA 02124",K0-1,Owned,31654,31654,1971,1916,"Program plans, MSBA space comparison plans, CAD plans, site plans",81805,"$13,418.00",14792,"$17,155.00",32010,"$3,861.00","$34,434.00",Phase 2,196,196,Yes,No,Yes,Minor,Minor,Minor,Replace,Moderate,Not Present,Adequate,Moderate,Not Present,Adequate,Moderate,Replace,Adequate,Adequate,Replace,Not Observed,Yes,Yes,Not Observed,Yes,Yes,Fair,Not Listed,Not Listed,No,No,Poor,Yes,No,No,No,No,Minor,Moderate,Moderate,Minor,Not Present,Minor,Adequate,Minor,Minor,Not Present,Fair,Not Researched,Yes,Yes,Yes,Fair,Yes
"Lee, Joseph K-8",Joseph Lee Elementary,"155 Talbot Ave Dorchester, MA02124",K0-8,Owned,153460,146371,1971,1971,"CAD plans, site plans",494502,"$128,505.00",122164,"$131,602.00",311000,"$41,041.00","$301,148.00",Phase 3,629,629,Yes,No,Yes,Moderate,Minor,Adequate,Moderate,Minor,Replace,Adequate,Adequate,Not Present,Adequate,Adequate,Minor,Minor,Replace,Adequate,Not Observed,Yes,Yes,Not Observed,Not Observed,Yes,Good,Not Listed,Not Listed,No,Yes,Excellent,Yes,No,No,No,No,Moderate,Adequate,Adequate,Replace,Adequate,Adequate,Minor,Minor,Replace,Adequate,Good,Not Researched,No,Yes,Yes,Good,Yes
"Lyndon, Patrick K-8",Lyndon K-8,"20 Mt Vernon St West Roxbury, MA 02132",K1-8,Owned,93374,93374,1919,1919,"CAD plans, site plans",576307,"$141,923.00",136956,"$148,757.00",343010,"$44,902.00","$335,582.00",Phase 3,552,552,Yes,No,Yes,Adequate,Adequate,Minor,Minor,Moderate,Moderate,Minor,Adequate,Not Present,Minor,Minor,Adequate,Replace,Moderate,Minor,Not Observed,Not Observed,Not Observed,Not Observed,Not Observed,Yes,Good,Listed,Not Listed,No,No,Fair,Yes,No,No,No,No,Minor,Minor,Minor,Moderate,Moderate,Adequate,Minor,Minor,Moderate,Minor,Good,Not Researched,No,Yes,Yes,Good,Yes
"Lyon, Mary High",Garfield,"95 Beechcroft St Brighton, MA 02135",09-dic,Owned,47314,47314,1935,1925,"CAD plans, site plans",114480,"$16,512.00",23058,"$26,268.00",44360,"$5,794.00","$48,574.00",Phase 3,131,131,Yes,No,Yes,Minor,Adequate,Minor,Adequate,Moderate,Moderate,Minor,Minor,Not Present,Minor,Moderate,Minor,Moderate,Moderate,Minor,Not Observed,Not Observed,Not Observed,Not Observed,Not Observed,No,Good,Listed,Not Listed,Yes,No,Poor,Yes,No,No,No,No,Moderate,Moderate,Moderate,Minor,Moderate,Not Present,Moderate,Minor,Moderate,Moderate,Fair,Not Researched,Yes,Yes,Yes,Fair,Yes
"Lyon, Mary K-8",Mary Lyon School,"50 Beechcroft St Brighton, MA 02135",K2-8,Owned,13336,13336,1926,1926,"CAD plans, site plans",101040,"$19,629.00",5578,"$7,083.00",15580,"$1,833.00","$28,545.00",Phase 3,137,137,Yes,No,Yes,Minor,Adequate,Minor,Adequate,Adequate,Minor,Minor,Minor,Not Present,Minor,Moderate,Minor,Moderate,Moderate,Replace,Not Observed,Not Observed,Not Observed,Not Observed,Not Observed,No,Good,Listed,Not Listed,No,No,Deficient,Yes,No,No,Yes,No,Moderate,Moderate,Adequate,Adequate,Minor,Not Present,Minor,Minor,Replace,Minor,Fair,Not Researched,Yes,Yes,Yes,Fair,No
Madison Park Technical Vocational High,Madison Park High,"75 Malcolm X Blvd Roxbury, MA 02120",09-dic,Owned,671701,659019,1977,1977,"CAD plans, site plans",,,,,,, $-   ,Phase 3,903,903,Yes,No,Yes,Adequate,Adequate,Moderate,Minor,Minor,Minor,Minor,Minor,Replace,Minor,Minor,Moderate,Minor,Minor,Adequate,Not Observed,Not Observed,Not Observed,Not Observed,Not Observed,Yes,Good,Not Listed,Not Listed,No,Yes,Excellent,Yes,No,No,Yes,Yes,Replace,Adequate,Adequate,Moderate,Adequate,Minor,Adequate,Replace,Minor,Adequate,Good,Not Researched,Yes,Yes,Yes,Good,Yes
"Manning, Joseph P. Elementary",Manning Elementary,"130 Louders Lane Jamaica Plain, MA 02130",K1-5,Owned,17391,17391,1941,1941,"CAD plans, site plans",84624,"$13,386.00",10052,"$11,948.00",22160,"$2,639.00","$27,973.00",Phase 3,162,162,Yes,No,No,Not Present,Adequate,Minor,Minor,Moderate,Moderate,Minor,Moderate,Not Present,Adequate,Moderate,Moderate,Moderate,Moderate,Moderate,Not Observed,Not Observed,Not Observed,Not Observed,Not Observed,Yes,Fair,Not Listed,Not Listed,No,Yes,Poor,Yes,No,No,No,Yes,Replace,Minor,Moderate,Minor,Minor,Minor,Replace,Minor,Replace,Not Present,Fair,Not Researched,No,Yes,Yes,Fair,No
"Mason, Samuel W. Elementary",Mason Elementary,"150 Norfolk Ave Roxbury, MA 02119",K0-5,Owned,27642,27642,1905,1905,"CAD plans, site plans",87640,"$13,892.00",13551,"$15,819.00",44080,"$5,401.00","$35,112.00",Phase 3,231,231,Yes,No,No,Not Present,Adequate,Replace,Adequate,Moderate,Moderate,Minor,Minor,Not Present,Moderate,Adequate,Adequate,Replace,Moderate,Not Present,Not Observed,Not Observed,Not Observed,Not Observed,Not Observed,Yes,Fair,Not Listed,Not Listed,No,No,Poor,Yes,No,Yes,No,No,Minor,Minor,Minor,Replace,Not Present,Not Present,Replace,Moderate,Replace,Not Present,Poor,Not Researched,No,Yes,Yes,Poor,No
Mather Elementary,Mather Elementary,"24 Parish St Dorchester, MA 02122",K1-5,Owned,76974,76974,1905,1905,"CAD plans, site plans",190940,"$30,118.00",10725,"$12,731.00",99680,"$12,906.00","$55,755.00",Phase 3,601,601,Yes,No,Yes,Adequate,Adequate,Moderate,Moderate,Replace,Replace,Minor,Minor,Replace,Adequate,Minor,Adequate,Replace,Replace,Not Present,Not Observed,Not Observed,Not Observed,Not Observed,Not Observed,Yes,Fair,Listed,Not Listed,No,No,Fair,Yes,No,No,No,Yes,Adequate,Minor,Adequate,Moderate,Not Present,Minor,Not Present,Replace,Minor,Moderate,Fair,Not Researched,Yes,Yes,Yes,Fair,Yes
Mattahunt Elementary,Mattahunt Elementary,"100 Hebron St Mattapan, MA 02126",K0-5,Owned,171025,135658,1972,1977,"Program plans, MSBA space comparison plans, CAD plans, site plans",780200,"$147,846.00",123371,"$108,616.00",181708,"$23,580.00","$280,042.00",Phase 2,616,616,Yes,No,Yes,Adequate,Adequate,Minor,Adequate,Adequate,Moderate,Adequate,Adequate,Not Present,Adequate,Adequate,Minor,Adequate,Adequate,Adequate,Not Observed,Not Observed,Not Observed,Not Observed,Not Observed,No,Excellent,Not Listed,Not Listed,Yes,Yes,Good,Yes,No,No,No,Yes,Moderate,Moderate,Adequate,Moderate,Minor,Minor,Moderate,Replace,Minor,Adequate,Fair,Not Researched,No,No,No,Fair,Yes
"McCormack, John W Middle",McCormack Middle,"315 Mt Vernon St Dorchester, MA 02125",06-ago,Owned,115941,115941,1967,1967,"Program plans, MSBA space comparison plans, CAD plans, site plans",493520,"$76,625.00",86865,"$109,138.00",149580,"$19,400.00","$205,163.00",Phase 2,519,519,Yes,No,Yes,Adequate,Adequate,Minor,Moderate,Moderate,Moderate,Adequate,Adequate,Moderate,Adequate,Moderate,Minor,Adequate,Adequate,Adequate,Not Observed,Not Observed,Yes,Not Observed,Not Observed,No,Good,Not Listed,Not Listed,Yes,No,Fair,Yes,No,Yes,No,Yes,Moderate,Adequate,Adequate,Minor,Adequate,Minor,Moderate,Minor,Moderate,Adequate,Good,Not Researched,Yes,No,No,Good,Yes
"McKay, Donald K-8",McKay School,"122 Cottage St East Boston, MA 02128",K2-8,Owned,79082,79082,1926,1926,"CAD plans, site plans",313364,"$45,327.00",13619,"$23,804.00",71820,"$9,315.00","$78,446.00",Phase 3,690,690,Yes,No,Yes,Adequate,Adequate,Replace,Minor,Minor,Minor,Adequate,Moderate,Not Present,Minor,Moderate,Moderate,Minor,Moderate,Moderate,Not Observed,Yes,,Not Observed,Not Observed,Yes,Fair,Listed,Not Listed,No,Yes,Fair,Yes,No,Yes,No,Yes,Replace,Minor,Adequate,Replace,Not Present,Moderate,Adequate,Minor,Minor,Not Present,Fair,Not Researched,Yes,Yes,Yes,Fair,Yes
McKinley Middle,McKinley Middle,"50 St Mary St Boston, MA 02215",06-ago,Owned,17299,17299,1923,1923,"CAD plans, site plans",45640,"$6,815.00",5685,"$7,185.00",11390,"$1,325.00","$15,325.00",Phase 3,55,55,Yes,No,Yes,Minor,Adequate,Adequate,Moderate,Moderate,Moderate,Minor,Replace,Not Present,Minor,Replace,Replace,Moderate,Moderate,Replace,Not Observed,Not Observed,Not Observed,Not Observed,Not Observed,Yes,Fair,Not Listed,Not Listed,No,No,Poor,Yes,No,Yes,No,No,Replace,Adequate,Moderate,Replace,Not Present,Not Present,Replace,Replace,Moderate,Moderate,Poor,Not Researched,Yes,Yes,Yes,Poor,No
"McKinley, Wm So. End Academy",McKinley Elementary,"90 Warren Ave Boston, MA 02116",K2-5,Owned,78258,78258,1959,1959,"Program plans, MSBA space comparison plans, CAD plans, site plans",197000,"$34,327.00",36486,"$41,112.00",63630,"$8,661.00","$84,100.00",Phase 2,222,222,Yes,No,Yes,Replace,Minor,Moderate,Adequate,Adequate,Not Present,Adequate,Moderate,Moderate,Replace,Moderate,Minor,Adequate,Adequate,Adequate,Yes,Not Observed,Yes,Not Observed,Yes,No,Good,Not Listed,Not Listed,Yes,No,Fair,Yes,No,Yes,No,Yes,Minor,Adequate,Adequate,Minor,Moderate,Replace,Minor,Minor,Moderate,Adequate,Good,Not Researched,Yes,Yes,Yes,Good,Yes
"McKinley, Wm. Preparatory High ",McKinley Preparatory High,"97 Peterborough St Boston, MA 02215",09-dic,Owned,19819,19819,1929,1929,"CAD plans, site plans",60120,"$9,159.00",9749,"$11,612.00",15230,"$1,799.00","$22,570.00",Phase 3,103,103,Yes,No,Yes,Minor,Adequate,Moderate,Replace,Replace,Moderate,Moderate,Replace,Not Present,Minor,Replace,Moderate,Moderate,Replace,Replace,Not Observed,Not Observed,Not Observed,Not Observed,Yes,Yes,Fair,Not Listed,Not Listed,No,No,Poor,Yes,No,Yes,No,No,Replace,Minor,Adequate,Replace,Not Present,Moderate,Moderate,Replace,Moderate,Minor,Poor,Not Researched,Yes,Yes,Yes,Poor,No
"Mendell, Ellis Elementary",Mendell,"164 School St Roxbury, MA 02119",K1-5,Owned,31820,31820,1903,1904,"CAD plans, site plans",107908,"$14,798.00",14202,"$16,530.00",91550,"$11,561.00","$42,889.00",Phase 3,232,232,Yes,No,Yes,Adequate,Adequate,Minor,Moderate,Moderate,Replace,Minor,Minor,Not Present,Minor,Moderate,Minor,Replace,Moderate,Minor,Not Observed,Not Observed,Not Observed,Not Observed,Not Observed,Yes,Fair,Not Listed,Not Listed,No,No,Fair,Yes,No,No,No,No,Adequate,Moderate,Replace,Moderate,Not Present,Minor,Adequate,Minor,Minor,Not Present,Fair,Not Researched,Yes,No,Yes,Fair,No
Mildred Avenue K-8,Mildred Avenue Middle,"5 Mildred Ave Mattapan, MA 02126",K0-8,Owned,214093,179611,2002,2002,"CAD plans, site plans",1739760,"$250,672.00",68474,"$76,238.00",266910,"$37,196.00","$364,106.00",Phase 3,421,421,Yes,No,Yes,Adequate,Adequate,Adequate,Adequate,Adequate,Adequate,Adequate,Adequate,Adequate,Adequate,Adequate,Adequate,Adequate,Adequate,Adequate,Not Observed,Not Observed,Not Observed,Not Observed,Not Observed,Yes,Excellent,Not Listed,Not Listed,No,Yes,Excellent,Yes,No,No,No,Yes,Adequate,Minor,Adequate,Adequate,Adequate,Adequate,Adequate,Adequate,Not Present,Adequate,Excellent,Not Researched,Yes,Yes,Yes,Excellent,Yes
Mission Hill K-8*,Agassiz,"20 Child St Jamaica Plain, MA 02130",K0-8,Owned,57700,57700,1997,1972,"CAD plans, site plans",424360,"$92,118.00",85825,"$95,706.00",113690,"$15,138.00","$202,962.00",Phase 3,227,529,Yes,No,Yes,Adequate,Adequate,Adequate,Minor,Minor,Adequate,Adequate,Adequate,Adequate,Adequate,Moderate,Adequate,Moderate,Minor,Adequate,Not Observed,Not Observed,Not Observed,Not Observed,Not Observed,Yes,Good,Not Listed,Not Listed,No,Yes,Good,Yes,No,No,No,Yes,Minor,Moderate,Minor,Moderate,Minor,Adequate,Minor,Minor,Minor,Adequate,Good,Not Researched,Yes,Yes,Yes,Good,Yes
"Mozart, Wolfgang A. Elementary",Mozart,"236 Beech St Roslindale, MA 02131",K1-5,Owned,16248,16248,1932,1932,"CAD plans, site plans",58372,"$8,866.00",7847,"$9,515.00",35180,"$4,296.00","$22,677.00",Phase 3,176,176,Yes,No,Yes,Adequate,Adequate,Adequate,Replace,Moderate,Replace,Moderate,Moderate,Not Present,Adequate,Moderate,Minor,Replace,Moderate,Not Present,Not Observed,Not Observed,Not Observed,Not Observed,Not Observed,Yes,Fair,Not Listed,Not Listed,No,No,Poor,Yes,No,No,Yes,No,Replace,Adequate,Moderate,Minor,Replace,Moderate,Minor,Minor,Adequate,Minor,Fair,Not Researched,No,Yes,Yes,Fair,Yes
"Muniz, Margarita Academy*",Agassiz,"20 Child Street Jamaica Plain, MA 02130",09-dic,Owned,57700,57700,2012,1972,"CAD plans, site plans",424360,"$92,118.00",85825,"$95,706.00",113690,"$15,138.00","$202,962.00",Phase 3,302,529,Yes,No,Yes,Adequate,Adequate,Adequate,Minor,Minor,Adequate,Adequate,Adequate,Adequate,Adequate,Moderate,Adequate,Minor,Adequate,Adequate,Not Observed,Not Observed,Not Observed,Not Observed,Not Observed,Yes,Excellent,Not Listed,Not Listed,No,Yes,Good,Yes,No,No,No,No,Minor,Moderate,Minor,Moderate,Minor,Adequate,Minor,Minor,Minor,Adequate,Good,Not Researched,Yes,Yes,Yes,Good,Yes
"Murphy, Richard K-8",Murphy K-8,"1 Worrell St South Boston, MA 02122",K0-8,Owned,147548,138880,1973,1973,"CAD plans, site plans",690696,"$149,280.00",106816,"$118,450.00",220552,"$30,270.00","$298,000.00",Phase 3,917,917,Yes,Yes,Yes,Minor,Minor,Replace,Adequate,Minor,Moderate,Adequate,Minor,Not Present,Adequate,Minor,Minor,Replace,Moderate,Minor,Not Observed,Yes,Yes,Not Observed,Yes,Yes,Good,Not Listed,Not Listed,No,Yes,Good,Yes,Yes,Yes,No,No,Moderate,Minor,Minor,Replace,Moderate,Adequate,Moderate,Moderate,Replace,Not Present,Fair,Not Researched,Yes,Yes,Yes,Fair,Yes
New Mission High*,Hyde Park High Complex,"655 Metropolitan Av Hyde Park, MA 02136",09-dic,Owned,63687,63687,2005,1929,"CAD plans, site plans",1016346,"$152,573.00",87336,"$64,059.00",120635,"$16,435.00","$233,067.00",Phase 3,319,825,Yes,No,Yes,Adequate,Adequate,Adequate,Minor,Minor,Adequate,Adequate,Adequate,Adequate,Adequate,Minor,Adequate,Moderate,Minor,Minor,Not Observed,Not Observed,Not Observed,Not Observed,Not Observed,Yes,Good,Listed,Not Listed,No,Yes,Good,Yes,No,No,No,No,Minor,Minor,Moderate,Moderate,Replace,Minor,Minor,Minor,Not Present,Minor,Fair,Not Researched,No,Yes,Yes,Fair,Yes
"O'Bryant, John D. School of Mathematics & Science",O'Bryant,"55 Malcolm X Blvd Roxbury, MA 02120",07-dic,Owned,246401,246401,1977,1977,"CAD plans, site plans",,,,,,, $-   ,Phase 3,1428,1428,Yes,No,Yes,Replace,Adequate,Replace,Minor,Minor,Minor,Minor,Moderate,Replace,Minor,Replace,Minor,Minor,Minor,Adequate,Not Observed,Not Observed,Not Observed,Not Observed,Not Observed,Yes,Good,Not Listed,Not Listed,No,Yes,Good,Yes,No,No,Yes,Yes,Minor,Adequate,Adequate,Adequate,Adequate,Minor,Adequate,Minor,Minor,Adequate,Excellent,Not Researched,Yes,Yes,Yes,Excellent,Yes
"O'Donnell, Hugh R. Elementary",O'Donnell Elementary,"33 Trenton St East Boston, MA 02128",K1-5,Owned,24648,24648,1931,1932,"CAD plans, site plans",88928,"$12,770.00",6842,"$8,488.00",47660,"$5,822.00","$27,080.00",Phase 3,295,295,Yes,No,Yes,Moderate,Adequate,Moderate,Replace,Moderate,Replace,Adequate,Moderate,Not Present,Adequate,Moderate,Replace,Replace,Replace,Replace,Not Observed,Not Observed,Not Observed,Not Observed,Not Observed,Yes,Fair,Listed,Listed,No,No,Poor,Yes,No,No,No,No,Not Present,Minor,Minor,Minor,Replace,Minor,Adequate,Moderate,Replace,Minor,Fair,Not Researched,Yes,Yes,Yes,Fair,Yes
"Ohrenberger, William H. K-8",Ohrenberger,"175 W Boundary Rd West Roxbury, MA 02132",03-ago,Owned,111592,111592,1972,1972,"CAD plans, site plans",621552,"$131,102.00",75513,"$85,184.00",113260,"$14,672.00","$230,958.00",Phase 3,629,629,Yes,No,Yes,Minor,Adequate,Minor,Adequate,Adequate,Minor,Minor,Adequate,Moderate,Minor,Adequate,Adequate,Minor,Minor,Adequate,Not Observed,Not Observed,Not Observed,Not Observed,Not Observed,Yes,Good,Not Listed,Not Listed,Yes,Yes,Excellent,Yes,No,No,No,Yes,Replace,Adequate,Moderate,Moderate,Adequate,Not Present,Replace,Minor,Replace,Not Present,Fair,Not Researched,No,Yes,Yes,Fair,Yes
Orchard Gardens K-8,Orchard Gardens K-8,"906 Albany St Roxbury, MA 02119",K1-8,Owned,141872,141872,2002,2002,"CAD plans, site plans",1253910,"$229,694.00",61989,"$68,979.00",222155,"$28,956.00","$327,629.00",Phase 3,844,844,Yes,No,Yes,Adequate,Adequate,Adequate,Adequate,Adequate,Adequate,Adequate,Adequate,Adequate,Adequate,Adequate,Minor,Adequate,Adequate,Adequate,Not Observed,Not Observed,Not Observed,Not Observed,Not Observed,Yes,Excellent,Not Listed,Not Listed,No,Yes,Excellent,Yes,No,No,No,No,Not Present,Adequate,Adequate,Adequate,Adequate,Minor,Adequate,Adequate,Minor,Minor,Good,Not Researched,Yes,Yes,Yes,Good,Yes
"Otis, James Elementary",Otis Elementary,"218 Marion St East Boston, MA 02128",K1-5,Owned,35000,35000,1905,1905,"CAD plans, site plans",105468,"$16,080.00",11584,"$13,644.00",150830,"$19,688.00","$49,412.00",Phase 3,402,402,Yes,No,Yes,Moderate,Adequate,Replace,Adequate,Moderate,Replace,Adequate,Moderate,Not Present,Adequate,Moderate,Minor,Replace,Replace,Not Present,Not Observed,Yes,,Not Observed,Not Observed,Yes,Fair,Not Listed,Not Listed,No,No,Poor,Yes,No,Yes,No,No,Not Present,Minor,Minor,Adequate,Replace,Adequate,Adequate,Minor,Moderate,Not Present,Fair,Not Researched,Yes,Yes,Yes,Fair,No
"Perkins, Michael J. Elementary",Perkins Elementary,"50 Rev Burke St Boston, MA 02127",K2-5,Owned,28407,28407,1926,1926,"CAD plans, site plans",92496,"$11,989.00",12818,"$14,975.00",27620,"$3,312.00","$30,276.00",Phase 3,230,230,Yes,No,Yes,Minor,Adequate,Minor,Minor,Moderate,Moderate,Adequate,Moderate,Not Present,Moderate,Moderate,Minor,Replace,Moderate,Moderate,Not Observed,Not Observed,Not Observed,Not Observed,Not Observed,No,Fair,Not Listed,Not Listed,No,No,Fair,Yes,No,Yes,No,No,Moderate,Adequate,Adequate,Moderate,Not Present,Minor,Adequate,Moderate,Moderate,Minor,Fair,Not Researched,Yes,Yes,Yes,Fair,Yes
"Perry, Oliver Hazard K-8",Perry Elementary,"745 E Seventh St South Boston, MA 02127",K1-8,Owned,38744,38744,1905,1904,"CAD plans, site plans",95648,"$12,903.00",16230,"$24,982.00",27500,"$3,311.00","$41,196.00",Phase 3,232,232,Yes,No,Yes,Moderate,Adequate,Replace,Adequate,Moderate,Moderate,Minor,Replace,Not Present,Adequate,Moderate,Adequate,Minor,Moderate,Replace,Not Observed,Not Observed,Not Observed,Not Observed,Not Observed,Yes,Fair,Listed,Not Listed,No,No,Poor,Yes,No,Yes,No,No,Replace,Minor,Adequate,Moderate,Not Present,Minor,Adequate,Moderate,Moderate,Adequate,Fair,Not Researched,No,Yes,Yes,Fair,Yes
"Philbrick, John D. Elementary",Philbrick Elementary,"40 Philbrick St Roslindale, MA 02131",K1-5,Owned,19480,19480,1913,1913,"CAD plans, site plans",73316,"$11,259.00",6756,"$8,346.00",29080,"$3,482.00","$23,087.00",Phase 3,165,165,Yes,No,Yes,Minor,Minor,Adequate,Adequate,Moderate,Moderate,Adequate,Replace,Not Present,Minor,Moderate,Minor,Replace,Moderate,Replace,Not Observed,Not Observed,Not Observed,Not Observed,Yes,Yes,Fair,Not Listed,Not Listed,No,No,Poor,No,No,No,No,No,Moderate,Moderate,Replace,Minor,Moderate,Moderate,Minor,Minor,Minor,Moderate,Fair,Not Researched,No,Yes,Yes,Fair,No
"Quincy, Josiah Elementary",Josiah Quincy Elementary,"885 Washington St Boston, MA 02111",K0-5,Owned,212079,183541,1976,1976,"CAD plans, site plans",1830840,"$249,768.00",75299,"$83,904.00",498720,"$66,578.00","$400,250.00",Phase 3,796,796,Yes,No,No,Replace,Adequate,Replace,Adequate,Moderate,Moderate,Moderate,Minor,Not Present,Minor,Moderate,Moderate,Minor,Moderate,Adequate,Not Observed,Not Observed,Not Observed,Not Observed,Not Observed,Yes,Fair,Not Listed,Not Listed,No,Yes,Excellent,Yes,No,Yes,No,No,Not Present,Minor,Replace,Minor,Minor,Minor,Minor,Minor,Adequate,Minor,Good,Not Researched,Yes,Yes,Yes,Good,No
"Quincy, Josiah Upper (Modulars)",,"900 Washington St Boston, MA 02111",06-dic,Owned,16960,16960,1999,1999,"CAD plans, site plans",110280,"$19,876.00",3105,"$4,018.00",22150,"$3,401.00","$27,295.00",Not Assessed,0,0,,,,,,,,,,,,,,,,,,,,,,,,,Not Assessed,,,,,Not Assessed,,,,,,,,,,,,,,,,Not Assessed,,,,,Not Assessed,
"Quincy, Josiah Upper School",Josiah Quincy Upper School,"152 Arlington St Boston, MA 02116",06-dic,Part Leased,80364,80364,2020,2020,"CAD plans, site plans",175280,"$26,312.00",26518,"$37,424.00",27050,"$3,225.00","$66,961.00",Not Assessed,507,507,,,,,,,,,,,,,,,,,,,,,,,,,Not Assessed,,,,,Not Assessed,,,,,,,,,,,,,,,,Not Assessed,,,,,Not Assessed,
Rogers Middle School,Rogers Middle,"15 Everett St Hyde Park, MA 02136",None,Closed,108632,108632,1902,1902,"CAD plans, site plans",58908,"$11,544.00",37809,"$28,054.00",7100,$597.00,"$40,195.00",Phase 3,0,0,Yes,No,No,Minor,Adequate,Replace,Minor,Moderate,Moderate,Minor,Moderate,Replace,Replace,Moderate,Adequate,Minor,Moderate,Replace,Not Observed,Not Observed,Not Observed,Not Observed,Not Observed,Yes,Fair,Not Listed,Not Listed,No,No,Deficient,Yes,No,No,No,No,Replace,Minor,Minor,Replace,Not Present,Replace,Replace,Moderate,Replace,Moderate,Poor,Not Researched,Yes,Yes,Yes,Poor,Yes
"Roosevelt, Franklin D. K-8 (Lower School)",Hemenway,"30 Millstone Road, Hyde Park 02136",K1-1,Owned,19292,19292,,1951,"Program plans, MSBA space comparison plans, CAD plans, site plans",93040,"$15,235.00",8416,"$6,859.00",15900,"$2,633.00","$24,727.00",Phase 2,128,128,Yes,No,Yes,Minor,Adequate,Adequate,Adequate,Adequate,Adequate,Adequate,Adequate,Adequate,Adequate,Adequate,Adequate,Adequate,Adequate,Adequate,Not Observed,Not Observed,Not Observed,Not Observed,Not Observed,No,Excellent,Listed,Not Listed,Yes,No,Poor,Yes,No,No,Yes,No,Adequate,Adequate,Adequate,Adequate,Adequate,Adequate,Adequate,Adequate,Adequate,Adequate,Excellent,Not Researched,No,Yes,Yes,Excellent,Yes
"Roosevelt, Franklin D. K-8 (Upper School)",Roosevelt Upper Campus,"95 Needham Rd Hyde Park, MA 02136",02-ago,Owned,31370,31370,1956,1967,"CAD plans, site plans",141520,"$24,051.00",22924,"$17,192.00",21010,"$3,244.00","$44,487.00",Phase 3,330,330,Yes,Yes,Yes,Adequate,Adequate,Minor,Adequate,Adequate,Minor,Adequate,Adequate,Adequate,Adequate,Minor,Adequate,Minor,Adequate,Adequate,Not Observed,Not Observed,Not Observed,Not Observed,Not Observed,Yes,Excellent,Not Listed,Not Listed,No,No,Fair,Yes,No,No,No,No,Moderate,Minor,Adequate,Moderate,Minor,Not Present,Adequate,Minor,Adequate,Adequate,Fair,Not Researched,No,Yes,Yes,Fair,No
"Russell, William E. Elementary",Russell Elementary,"750 Columbia Rd Dorchester, MA 02125",K0-5,Owned,53585,53585,1903,1903,"CAD plans, site plans",147240,"$25,240.00",31324,"$42,637.00",51380,"$6,357.00","$74,234.00",Phase 3,402,402,Yes,No,No,Replace,Adequate,Minor,Moderate,Replace,Replace,Minor,Moderate,Not Present,Minor,Moderate,Minor,Replace,Replace,Moderate,Yes,Not Observed,Not Observed,Not Observed,Not Observed,Yes,Fair,Listed,Not Listed,No,Yes,Fair,Yes,No,No,No,No,Replace,Adequate,Moderate,Moderate,Not Present,Not Present,Moderate,Minor,Moderate,Minor,Fair,Not Researched,Yes,Yes,Yes,Fair,Yes
"Shaw, Pauline A. Elementary",Shaw Elementary,"429 Norfolk St. Dorchester, MA 02124",K0-1,Owned,32706,32706,,1919,"CAD plans, site plans",72160,"$10,792.00",10000,"$12,143.00",25540,"$3,081.00","$26,016.00",Phase 3,160,160,Yes,No,Yes,Adequate,Adequate,Adequate,Adequate,Minor,Moderate,Minor,Moderate,Not Present,Minor,Moderate,Minor,Moderate,Minor,Replace,Not Observed,Yes,Not Observed,Not Observed,Not Observed,No,Fair,Not Listed,Not Listed,No,No,Poor,Yes,No,No,No,No,Moderate,Minor,Moderate,Minor,Moderate,Not Present,Minor,Minor,Moderate,Moderate,Fair,Not Researched,Yes,Yes,No,Fair,No
Snowden International School at Copley,Snowden International High,"150 Newbury St Boston, MA 02116",09-dic,Owned,36400,36400,1970,1885,"CAD plans, site plans",265254,"$36,444.00",8244,"$10,023.00",23040,"$3,493.00","$49,960.00",Not Assessed,373,373,,,,,,,,,,,,,,,,,,,,,,,,,Not Assessed,Listed,Listed,,,Not Assessed,,,,,,,,,,,,,,,,Not Assessed,Not Researched,,,,Not Assessed,
Snowden International School at Copley (Leased 1),Old South Church,645 Boylston St. Boston MA 02116,09-dic,Leased,,,,,"CAD plans, site plans",,,,,,, $-   ,Not Assessed,0,373,,,,,,,,,,,,,,,,,,,,,,,,,Not Assessed,,,,,Not Assessed,,,,,,,,,,,,,,,,Not Assessed,Not Researched,,,,Not Assessed,
Snowden International School at Copley (Leased 2),YWCA,"140 Clarendon St Boston, MA 02116",09-dic,Leased,11950,11950,,,"CAD plans, site plans",,,,,,, $-   ,Not Assessed,0,373,,,,,,,,,,,,,,,,,,,,,,,,,Not Assessed,,,,,Not Assessed,,,,,,,,,,,,,,,,Not Assessed,Not Researched,,,,Not Assessed,
"Stone, Lucy Elementary",Lucy Stone Elementary,"22 Regina Road Dorchester Center, MA 02124",None,Closed,23281,23281,1937,1937,"CAD plans, site plans",,,,,,, $-   ,Phase 3,0,0,Yes,No,Yes,Minor,Adequate,Minor,Adequate,Adequate,Minor,Adequate,Adequate,Not Present,Minor,Minor,Adequate,Adequate,Minor,Replace,Not Observed,Not Observed,Not Observed,Not Observed,Not Observed,Yes,Good,Not Listed,Not Listed,No,No,Fair,Yes,No,No,No,No,Adequate,Minor,Replace,Minor,Not Present,Moderate,Moderate,Adequate,Adequate,Replace,Good,Not Researched,Yes,Yes,Yes,Good,Yes
"Sumner, Charles Elementary",Sumner Elementary,"15 Basile St Roslindale, MA 02131",K1-5,Owned,49105,49105,1931,1931,"Program plans, MSBA space comparison plans, CAD plans, site plans",130896,"$19,329.00",18158,"$27,697.00",67310,"$8,425.00","$55,451.00",Phase 2,540,540,Yes,No,Yes,Minor,Adequate,Minor,Replace,Replace,Replace,Adequate,Minor,Not Present,Adequate,Moderate,Minor,Adequate,Adequate,Not Present,Yes,Not Observed,Yes,Not Observed,Not Observed,No,Fair,Listed,Not Listed,Yes,Yes,Fair,Yes,No,No,No,No,Adequate,Moderate,Replace,Minor,Moderate,Minor,Moderate,Minor,Minor,Moderate,Good,Not Researched,Yes,Yes,Yes,Good,Yes
"Taylor, Charles H. Elementary",Taylor Elementary,"1060 Morton St Mattapan, MA 02126",K0-5,Owned,49702,49702,1931,1931,"CAD plans, site plans",132046,"$21,044.00",16125,"$18,973.00",81130,"$10,194.00","$50,211.00",Phase 3,508,508,Yes,No,Yes,Minor,Adequate,Minor,Adequate,Moderate,Replace,Moderate,Minor,Not Present,Minor,Moderate,Moderate,Replace,Moderate,Adequate,Not Observed,Not Observed,Not Observed,Not Observed,Not Observed,No,Fair,Not Listed,Not Listed,No,No,Fair,Yes,No,No,No,No,Moderate,Adequate,Moderate,Adequate,Not Present,Not Present,Adequate,Minor,Moderate,Adequate,Fair,Not Researched,Yes,No,No,Fair,Yes
TechBoston Academy,Dorchester Education Complex,"9 Peacevale Rd Dorchester, MA 02124",06-dic,Owned,183534,183534,2002,1925,"CAD plans, site plans",262942,"$40,373.00",34283,"$46,670.00",148440,"$18,619.00","$105,662.00",Phase 3,982,982,No,No,Yes,Replace,Adequate,Replace,Moderate,Moderate,Moderate,Minor,Moderate,Not Present,Minor,Moderate,Minor,Moderate,Moderate,Minor,Yes,Not Observed,Not Observed,Not Observed,Not Observed,Yes,Fair,Not Listed,Not Listed,No,No,Poor,Yes,No,No,No,Yes,Moderate,Minor,Replace,Moderate,Not Present,Minor,Moderate,Minor,Not Present,Minor,Fair,Not Researched,No,Yes,Yes,Fair,Yes
"Timilty, James P. Middle",Timilty Middle,"205 Roxbury St Roxbury, MA 02119",06-ago,Owned,83120,83120,1937,1937,"Program plans, MSBA space comparison plans, CAD plans, site plans",241040,"$38,010.00",30316,"$40,017.00",79470,"$10,188.00","$88,215.00",Phase 2,432,432,Yes,No,Yes,Adequate,Minor,Moderate,Replace,Moderate,Replace,Replace,Moderate,Not Present,Adequate,Replace,Minor,Adequate,Adequate,Moderate,Not Observed,Not Observed,Yes,Not Observed,Yes,No,Fair,Listed,Listed,No,No,Poor,Yes,No,No,No,No,Moderate,Adequate,Adequate,Moderate,Moderate,Replace,Replace,Minor,Deficient,Not Present,Fair,Not Researched,Yes,No,Yes,Fair,Yes
"Tobin, Maurice J. K-8",Tobin K-8,"40 Smith St Roxbury, MA 02120",K0-8,Owned,64091,64091,1959,1959,"Program plans, MSBA space comparison plans, CAD plans, site plans",212880,"$35,357.00",29183,"$39,072.00",69185,"$9,384.00","$83,813.00",Phase 2,453,453,Yes,No,Yes,Adequate,Adequate,Moderate,Replace,Minor,Replace,Moderate,Adequate,Not Present,Replace,Minor,Minor,Adequate,Adequate,Replace,Not Observed,Not Observed,Yes,Not Observed,Yes,No,Fair,Not Listed,Not Listed,Yes,Yes,Fair,Yes,No,No,No,No,Moderate,Minor,Moderate,Minor,Moderate,Replace,Minor,Moderate,Adequate,Minor,Fair,Not Researched,Yes,Yes,Yes,Fair,Yes
"Trotter, William Monroe K-8",Trotter Elementary,"135 Humboldt Ave Dorchester, MA 02121",K1-7,Owned,79600,79600,1968,1969,"CAD plans, site plans",427248,"$64,986.00",47375,"$59,535.00",102220,"$12,968.00","$137,489.00",Phase 3,511,511,Yes,No,Yes,Adequate,Adequate,Adequate,Minor,Moderate,Minor,Minor,Minor,Not Present,Minor,Adequate,Minor,Replace,Replace,Adequate,Not Observed,Not Observed,Not Observed,Not Observed,Not Observed,Yes,Good,Listed,Not Listed,No,No,Fair,Yes,No,No,No,No,Replace,Minor,Replace,Moderate,Moderate,Minor,Replace,Minor,Minor,Replace,Fair,Not Researched,No,Yes,Yes,Fair,Yes
"Tynan, Joseph P. Elementary",Tynan Elementary,"650 E Fourth St South Boston, MA02127",K0-5,Owned,120000,120000,1972,1972,"Program plans, MSBA space comparison plans, CAD plans, site plans",509040,"$85,301.00",58847,"$66,127.00",204530,"$26,583.00","$178,011.00",Phase 2,342,342,Yes,No,Yes,Moderate,Moderate,Moderate,Adequate,Minor,Adequate,Adequate,Adequate,Not Present,Adequate,Minor,Minor,Adequate,Adequate,Adequate,Not Observed,Not Observed,Yes,Not Observed,Yes,No,Good,Not Listed,Not Listed,Yes,Yes,Good,Yes,No,No,No,No,Replace,Minor,Minor,Moderate,Adequate,Replace,Moderate,Minor,Minor,Minor,Fair,Not Researched,Yes,No,Yes,Fair,Yes
"Umana Academy, Mario K-8",Mario Umana Academy,"312 Border St East Boston, MA 02128",K2-8,Owned,192500,162479,1975,1975,"Program plans, MSBA space comparison plans, CAD plans, site plans",213504,"$146,751.00",181734,"$188,508.00",157840,"$21,583.00","$356,842.00",Phase 1,837,837,No,No,Yes,Adequate,Minor,Minor,Minor,Replace,Replace,Replace,Minor,Replace,Adequate,Minor,Replace,Minor,Adequate,Minor,Not Observed,Not Observed,Not Observed,Not Observed,Not Observed,No,Good,Not Listed,Not Listed,Yes,Yes,Good,Yes,Yes,Yes,No,Yes,Replace,Minor,Moderate,Moderate,Minor,Adequate,Moderate,Replace,Moderate,Moderate,Fair,Not Researched,Yes,Yes,Yes,Fair,No
UP Academy Boston,Gavin,"215 Dorchester St South Boston, MA 02127",06-ago,Owned,108387,108387,2011,1936,"CAD plans, site plans",293604,"$42,870.00",33888,"$39,481.00",67660,"$8,441.00","$90,792.00",Phase 3,472,472,Yes,No,Yes,Adequate,Adequate,Minor,Moderate,Moderate,Moderate,Minor,Moderate,Not Present,Moderate,Minor,Moderate,Replace,Moderate,Adequate,Not Observed,Not Observed,Not Observed,Not Observed,Not Observed,Yes,Fair,Not Listed,Not Listed,No,No,Poor,Yes,No,No,No,No,Replace,Moderate,Minor,Replace,Not Present,Not Present,Replace,Replace,Not Present,Moderate,Poor,Not Researched,Yes,Yes,Yes,Poor,Yes
UP Academy Dorchester,Marshall Elementary,"35 Westville Street, Dorchester",K1-5,Owned,141091,131068,,1971,"CAD plans, site plans",536642,"$109,514.00",85355,"$90,765.00",128300,"$16,340.00","$216,619.00",Phase 3,671,671,Yes,No,Yes,Replace,Minor,Replace,Minor,Moderate,Moderate,Adequate,Adequate,Not Present,Adequate,Adequate,Minor,Minor,Replace,Adequate,Not Observed,Not Observed,Not Observed,Not Observed,Yes,Yes,Good,Not Listed,Not Listed,No,Yes,Excellent,Yes,No,No,No,Yes,Replace,Moderate,Replace,Replace,Minor,Minor,Replace,Minor,Minor,Replace,Fair,Not Researched,Yes,Yes,Yes,Fair,Yes
UP Academy Holland,Holland,"85 Olney Street, Dorchester",K1-5,Owned,137125,126872,2014,1972,"CAD plans, site plans",569788,"$152,102.00",138295,"$169,970.00",181790,"$24,774.00","$346,846.00",Phase 3,753,753,Yes,No,Yes,Moderate,Adequate,Adequate,Minor,Moderate,Minor,Adequate,Minor,Minor,Adequate,Adequate,Minor,Adequate,Minor,Minor,Yes,Not Observed,Not Observed,Not Observed,Not Observed,Yes,Good,Not Listed,Not Listed,No,Yes,Fair,Yes,No,No,No,Yes,Minor,Minor,Adequate,Adequate,Adequate,Moderate,Adequate,Moderate,Moderate,Adequate,Good,Not Researched,Yes,Yes,Yes,Good,Yes
Urban Science Academy*,West Roxbury High School,"1205 VFW Pkwy West Roxbury, MA 02132",09-dic,Owned,108220,108220,2011,1976,"CAD plans, site plans",1097520,"$294,332.00",257019,"$258,704.00",265450,"$36,183.00","$589,219.00",Phase 3,497,1026,Yes,No,Yes,Replace,Adequate,Replace,Adequate,Minor,Minor,Adequate,Adequate,Moderate,Minor,Adequate,Minor,Moderate,Moderate,Adequate,Not Observed,Not Observed,Not Observed,Not Observed,Not Observed,Yes,Good,Not Listed,Not Listed,Yes,Yes,Good,Yes,No,No,Yes,Yes,Adequate,Minor,Adequate,Moderate,Minor,Adequate,Adequate,Adequate,Adequate,Moderate,Good,Not Researched,No,No,No,Good,Yes
Warren/Prescott K-8 Lower,Warren/Prescott,"50 School St Charlestown, MA 02129",K0-6,Owned,46884,46884,2006,1963,"Program plans, MSBA space comparison plans, CAD plans, site plans",129600,"$23,348.00",17623,"$20,697.00",125000,"$16,324.00","$60,369.00",Phase 2,486,486,Yes,No,Yes,Minor,Minor,Replace,Adequate,Adequate,Replace,Replace,Adequate,Moderate,Adequate,Minor,Minor,Adequate,Adequate,Replace,Not Observed,Not Observed,Yes,Not Observed,Yes,No,Good,Not Listed,Not Listed,No,No,Poor,Yes,No,No,No,No,Moderate,Minor,Adequate,Moderate,Moderate,Replace,Minor,Moderate,Moderate,Minor,Fair,Not Researched,Yes,No,Yes,Fair,Yes
Warren/Prescott K-8 Upper,Holden School,"8 Pearl St. Charlestown, MA 02129",07-ago,Leased,11512,11512,,,"CAD plans, site plans",22520,"$3,505.00",0, $-   ,11220,"$1,315.00","$4,820.00",Not Assessed,59,59,,,,,,,,,,,,,,,,,,,,,,,,,Not Assessed,,,,,Not Assessed,,,,,,,,,,,,,,,,Not Assessed,Not Researched,,,,Not Assessed,
West Roxbury Academy*,West Roxbury High School,"1205 VFW Pkwy, West Roxbury, MA 02132",09-dic,Owned,113508,113508,2011,1976,"CAD plans, site plans",1097520,"$294,332.00",257019,"$258,704.00",265450,"$36,183.00","$589,219.00",Phase 3,529,1026,Yes,No,Yes,Replace,Adequate,Replace,Adequate,Minor,Minor,Adequate,Adequate,Moderate,Minor,Adequate,Minor,Moderate,Moderate,Adequate,Not Observed,Not Observed,Not Observed,Not Observed,Not Observed,Yes,Good,Not Listed,Not Listed,Yes,Yes,Good,Yes,No,No,Yes,Yes,Adequate,Minor,Adequate,Moderate,Minor,Adequate,Adequate,Adequate,Adequate,Moderate,Good,Not Researched,No,No,No,Good,Yes
West Zone Early Learning Center*,Hennigan Elementary School,"200 Heath St Jamaica Plain, MA 02130",K0-1,Owned,27000,27000,1997,1972,"CAD plans, site plans",120384,"$74,435.00",267450,"$276,004.00",287880,"$37,653.00","$388,092.00",Phase 3,93,717,No,No,Yes,Moderate,Adequate,Minor,Adequate,Adequate,Minor,Minor,Minor,Not Present,Minor,Moderate,Adequate,Moderate,Moderate,Minor,Not Observed,Not Observed,Not Observed,Not Observed,Not Observed,Yes,Good,Not Listed,Not Listed,No,Yes,Good,Yes,No,No,No,No,Minor,Moderate,Moderate,Moderate,Moderate,Minor,Minor,Minor,Minor,Moderate,Good,Not Researched,Yes,Yes,Yes,Good,Yes
"Winship, F. Lyman Elementary",Winship,"54 Dighton St Brighton, MA 02135",K0-5,Owned,41016,41016,1899,1901,"CAD plans, site plans",128480,"$20,522.00",15656,"$18,100.00",44180,"$5,394.00","$44,016.00",Phase 3,258,258,Yes,No,Yes,Moderate,Adequate,Adequate,Adequate,Moderate,Moderate,Moderate,Moderate,Not Present,Adequate,Minor,Minor,Minor,Moderate,Replace,Not Observed,Not Observed,Not Observed,Not Observed,Not Observed,Yes,Fair,Listed,Listed,No,No,Poor,Yes,No,No,No,No,Replace,Adequate,Minor,Adequate,Not Present,Not Present,Minor,Replace,Minor,Minor,Fair,Not Researched,Yes,Yes,Yes,Fair,No
"Winthrop, John Elementary",Winthrop Elementary,"35 Brookford St Dorchester, MA 02125",K1-5,Owned,40530,40530,1911,1911,"CAD plans, site plans",138240,"$20,594.00",16897,"$19,484.00",53440,"$7,457.00","$47,535.00",Phase 3,349,349,Yes,No,Yes,Minor,Adequate,Moderate,Replace,Replace,Replace,Moderate,Moderate,Adequate,Minor,Moderate,Replace,Replace,Replace,Replace,Not Observed,Not Observed,Not Observed,Not Observed,Not Observed,Yes,Fair,Not Listed,Not Listed,No,No,Poor,Yes,No,No,No,Yes,Not Present,Adequate,Moderate,Minor,Moderate,Not Present,Moderate,Minor,Moderate,Replace,Fair,Not Researched,No,Yes,Yes,Fair,No
Young Achievers Science & Math K-8,Lewenberg,"20 Outlook Rd Mattapan, MA02126",K1-8,Owned,120944,120944,1995,1930,"CAD plans, site plans",385248,"$53,897.00",36421,"$56,973.00",90940,"$11,457.00","$122,327.00",Phase 3,542,542,Yes,No,Yes,Minor,Adequate,Minor,Minor,Moderate,Moderate,Minor,Adequate,Not Present,Adequate,Moderate,Minor,Minor,Moderate,Replace,Not Observed,Not Observed,Not Observed,Not Observed,Not Observed,No,Good,Listed,Not Listed,No,Yes,Good,Yes,No,No,No,Yes,Moderate,Minor,Minor,Replace,Not Present,Minor,Replace,Replace,Adequate,Moderate,Fair,Not Researched,Yes,Yes,Yes,Fair,Yes
